molecule_chembl_id,pIC50,canonical_smiles
CHEMBL461187,4.301029995663981,Cc1nc(S(=O)(=O)N2CCCCC2)ccc1NC(=O)Nc1ccccc1
CHEMBL506964,4.301029995663981,Cc1cc(S(=O)(=O)N2CCOCC2)ccc1NC(=O)Nc1ccccc1
CHEMBL462694,4.301029995663981,Cn1nc(S(=O)(=O)N2CCCCC2)cc1NC(=O)Nc1ccccc1
CHEMBL518672,4.301029995663981,Cc1c(NC(=O)Nc2ccccc2)cc(S(=O)(=O)N2CCCCC2)n1C
CHEMBL462478,4.301029995663981,Cc1[nH]c(S(=O)(=O)N2CCCCC2)cc1NC(=O)Nc1ccccc1
CHEMBL517905,5.6020599913279625,O=C(Nc1ccccc1)Nc1coc(S(=O)(=O)N2CCCCC2)c1
CHEMBL460141,4.301029995663981,Cc1oc(S(=O)(=O)N2CCCCC2)c(C)c1NC(=O)Nc1ccccc1
CHEMBL468282,6.522878745280337,Cc1oc(S(=O)(=O)N(C)C)cc1NC(=O)Nc1ccccc1
CHEMBL513340,6.0,Cc1oc(S(=O)(=O)Nc2ccccc2)cc1NC(=O)Nc1ccccc1
CHEMBL468281,6.6020599913279625,COCCN(C)S(=O)(=O)c1cc(NC(=O)Nc2ccccc2)c(C)o1
CHEMBL469114,5.886056647693163,Cc1oc(S(=O)(=O)N2CCN(C)CC2)cc1NC(=O)Nc1ccccc1
CHEMBL513697,6.886056647693163,Cc1oc(S(=O)(=O)N2CCOCC2)cc1NC(=O)Nc1ccccc1
CHEMBL468911,4.301029995663981,Cc1oc(S(=O)(=O)N2CCCCC2)cc1C(=O)Nc1ccccc1
CHEMBL512119,4.6020599913279625,Cc1oc(S(=O)(=O)N2CCCCC2)cc1N(C)C(=O)Nc1ccccc1
CHEMBL468910,4.301029995663981,Cc1oc(S(=O)(=O)N2CCCCC2)cc1NC(=O)N(C)c1ccc(Cl)cc1
CHEMBL512951,4.301029995663981,Cc1oc(S(=O)(=O)N2CCCCC2)cc1NC(=O)N(C)c1ccccc1
CHEMBL466198,6.795880017344075,Cc1oc(S(=O)(=O)N2CCCCC2)cc1NC(=O)NC(c1ccccc1)c1ccccc1
CHEMBL467023,7.221848749616356,Cc1oc(S(=O)(=O)N2CCCCC2)cc1NC(=O)N[C@@H](C)c1ccccc1
CHEMBL468271,4.301029995663981,Cc1oc(S(=O)(=O)N2CCCCC2)cc1NC(=O)NCc1ccccc1
CHEMBL451911,6.886056647693163,Cc1oc(S(=O)(=O)N2CCCCC2)cc1NC(=O)Nc1ccccc1Cl
CHEMBL505390,6.698970004336019,Cc1oc(S(=O)(=O)N2CCCCC2)cc1NC(=O)Nc1ccc(Cl)cc1
CHEMBL468071,6.886056647693163,COc1ccc(NC(=O)Nc2cc(S(=O)(=O)N3CCCCC3)oc2C)cc1
CHEMBL513349,6.886056647693163,Cc1oc(S(=O)(=O)N2CCCCC2)cc1NC(=O)Nc1ccccc1
CHEMBL140780,4.769551078621726,Cc1ccc(B(O)O)cc1
CHEMBL1952294,4.958607314841775,CCc1ccc(B(O)O)cc1
CHEMBL1952295,5.698970004336019,CCCc1ccc(B(O)O)cc1
CHEMBL1952296,6.0,CCCCCc1ccc(B(O)O)cc1
CHEMBL1952297,5.769551078621726,CCCCCCCc1ccc(B(O)O)cc1
CHEMBL485946,6.0,CCCCCCCCCc1ccc(B(O)O)cc1
CHEMBL1952298,5.698970004336019,CCCCCCCCCCCc1ccc(B(O)O)cc1
CHEMBL1952299,4.892790030352131,CCCCCc1cccc(B(O)O)c1
CHEMBL1952300,5.552841968657781,CCCCCCCCCc1cccc(B(O)O)c1
CHEMBL1952301,4.301029995663981,CCCCCCCCCc1ccccc1B(O)O
CHEMBL1952302,5.301029995663981,CCCc1ccc(B2OC(C)(C)C(C)(C)O2)cc1
CHEMBL1952303,5.585026652029182,CCCCCc1ccc(B2OC(C)(C)C(C)(C)O2)cc1
CHEMBL1952304,5.455931955649724,CCCCCCCc1ccc(B2OC(C)(C)C(C)(C)O2)cc1
CHEMBL1949700,5.6020599913279625,CCCCCCCCCc1ccc(B2OC(C)(C)C(C)(C)O2)cc1
CHEMBL1952305,5.346787486224656,CCCCCCCCCCCc1ccc(B2OC(C)(C)C(C)(C)O2)cc1
CHEMBL1952306,5.376750709602099,CCCCCc1cccc(B2OC(C)(C)C(C)(C)O2)c1
CHEMBL1952307,6.0,CC1(C)OB(c2ccc(-c3ccccc3)cc2)OC1(C)C
CHEMBL1952308,5.795880017344075,CC1(C)OB(c2ccc(-c3ccc(F)cc3)cc2)OC1(C)C
CHEMBL1952309,5.721246399047171,CC1(C)OB(c2ccc(-c3ccco3)cc2)OC1(C)C
CHEMBL1952310,5.721246399047171,CC1(C)OB(c2ccc(-c3cccs3)cc2)OC1(C)C
CHEMBL1952311,5.552841968657781,CC1(C)OB(c2ccc(-c3ccoc3)cc2)OC1(C)C
CHEMBL1952312,5.886056647693163,CC1(C)OB(c2ccc(-c3ccsc3)cc2)OC1(C)C
CHEMBL1952313,5.698970004336019,CC1(C)OB(c2ccc(-c3ccc4ccccc4c3)cc2)OC1(C)C
CHEMBL1952314,4.022276394711152,CC1(C)OB(c2ccc(-c3cccc(CCC(=O)O)c3)cc2)OC1(C)C
CHEMBL2381070,7.638272163982407,O=C(NCCCCCOc1cc(F)cc(F)c1)SCc1nnc(-c2ccccc2)o1
CHEMBL3093392,6.6020599913279625,O=C(O)c1cc(C(F)(F)F)ccc1N1CC[C@H](OCc2ccccn2)C1
CHEMBL3093395,6.481486060122113,O=C(O)c1cc(C(F)(F)F)ccc1N1CC[C@H](OCc2cncc(F)c2)C1
CHEMBL3093394,6.920818753952375,O=C(O)c1cc(C(F)(F)F)ccc1N1CC[C@H](OCc2ncccc2F)C1
CHEMBL3093393,6.886056647693163,O=C(O)c1cc(C(F)(F)F)ccc1N1CC[C@H](OCc2ccc(F)cn2)C1
CHEMBL3093404,5.710857164067667,CC(O)c1cc(C(F)(F)F)ccc1N1CC[C@H](Oc2ccc(F)cc2)C1
CHEMBL3093403,5.0,CC(=O)NS(=O)(=O)c1cc(C(F)(F)F)ccc1N1CC[C@H](Oc2ccc(F)cc2)C1
CHEMBL3093402,5.0,NS(=O)(=O)c1cc(C(F)(F)F)ccc1N1CC[C@H](Oc2ccc(F)cc2)C1
CHEMBL3093401,6.679853713888946,Fc1ccc(O[C@H]2CCN(c3ccc(C(F)(F)F)cc3-c3nnn[nH]3)C2)cc1
CHEMBL3093400,6.18111458540599,O=C(O)c1cc(C(F)(F)F)ccc1N1CC[C@H](OCCN2CCOCC2)C1
CHEMBL3093399,6.258848401148215,COCCOCCO[C@H]1CCN(c2ccc(C(F)(F)F)cc2C(=O)O)C1
CHEMBL3093398,6.30189945437661,CCOCCO[C@H]1CCN(c2ccc(C(F)(F)F)cc2C(=O)O)C1
CHEMBL3093397,6.2441251443275085,O=C(O)c1cc(C(F)(F)F)ccc1N1CC[C@H](OCCO)C1
CHEMBL3093396,7.055517327849832,O=C(O)c1cc(C(F)(F)F)ccc1N1CC[C@H](OCCOCc2ccccc2)C1
CHEMBL3093391,6.436518914605589,CCCCO[C@H]1CCN(c2ccc(C(F)(F)F)cc2C(=O)O)C1
CHEMBL3093309,6.806875401645538,O=C(O)c1cc(C(F)(F)F)ccc1N1CC[C@H](OCCC2CC2)C1
CHEMBL3093308,6.627087997029894,O=C(O)c1cc(C(F)(F)F)ccc1N1CC[C@H](OCC2CC2)C1
CHEMBL3093307,6.882728704344236,O=C(O)c1cc(C(F)(F)F)ccc1N1CC[C@H](OCc2ccc(F)cc2)C1
CHEMBL3093306,6.627087997029894,O=C(O)c1cc(C(F)(F)F)ccc1N1CC[C@H](Oc2ccc(Cl)nc2)C1
CHEMBL3093305,6.429457060118103,O=C(O)c1cc(C(F)(F)F)ccc1N1CC[C@H](Oc2ccc(C(F)(F)F)cn2)C1
CHEMBL3093304,7.6020599913279625,O=C(O)c1cc(C(F)(F)F)ccc1N1CCC(Cc2ccc(F)cc2)C1
CHEMBL3093303,6.586700235918748,O=C(O)c1cc(C(F)(F)F)ccc1N1CC[C@@H](Oc2ccc(F)cc2)C1
CHEMBL3093302,6.735182176990463,O=C(O)c1cc(C(F)(F)F)ccc1N1CC[C@H](Oc2ccc(F)cc2)C1
CHEMBL3093301,5.707743928643524,O=C(O)c1cc(C(F)(F)F)ccc1N1CC(Oc2ccc(F)cc2)C1
CHEMBL3093300,5.0,O=C(O)c1cc(C(F)(F)F)ccc1N1CCC(Oc2ccc(F)cc2)CC1
CHEMBL3093405,5.995678626217358,O=C(O)c1cc(C(F)(F)F)ccc1NCC1CC1
CHEMBL3092449,4.4770995405384175,FC(F)(F)c1c(CCCc2ccccc2)n2c3c(cccc13)SCC2
CHEMBL3092448,7.4089353929735005,FC(F)(F)c1c(CCc2ccccc2)n2c3c(cccc13)OCC2
CHEMBL3092451,8.397940008672037,Nc1cc2c3c(c1)c(C(F)(F)F)c(CCCc1ccccc1)n3CCC2
CHEMBL3092450,7.853871964321762,COc1cc2c3c(c1)c(C(F)(F)F)c(CCc1ccccc1)n3CCC2
CHEMBL3677450,8.0,CC(C)CS(=O)(=O)C(C(=O)NCCS(N)(=O)=O)c1nc2ccc(-c3ccccc3)cc2s1
CHEMBL3677510,8.0,CS(=O)(=O)C(C(=O)NCCS(N)(=O)=O)c1nc2ccc(-c3ccc(C(=O)N4CCC(F)(F)C4)cc3)cc2s1
CHEMBL3682479,8.356547323513812,Cn1cc(-c2ccc3nc(C(C(=O)NCCS(N)(=O)=O)S(=O)(=O)Cc4cccc(C(F)(F)F)c4)sc3c2)ccc1=O
CHEMBL3677491,8.0,COc1cc(-c2ccc3nc(C(C(=O)NCCS(N)(=O)=O)S(C)(=O)=O)sc3c2)ccn1
CHEMBL3677601,8.853871964321762,Cc1cc2nc(C(C(=O)NCCS(N)(=O)=O)S(=O)(=O)Cc3ccccc3)sc2cc1-c1ccc(C(=O)OC(C)(C)C)cc1
CHEMBL3677486,8.0,COc1cc(-c2ccc3nc(C(C(=O)NCCS(N)(=O)=O)S(C)(=O)=O)sc3c2)c(F)cn1
CHEMBL3677511,8.0,NS(=O)(=O)CCNC(=O)C(c1nc2ccc(-c3ccc(C(=O)N4CCC(F)(F)C4)cc3)cc2s1)S(=O)(=O)CCC(F)(F)F
CHEMBL3677429,7.113509274827518,Cc1nnc(CNC(=O)C(c2nc3cc(C)c(-c4cnn(CCN5CCOCC5)c4)cc3s2)S(C)(=O)=O)o1
CHEMBL3682440,8.795880017344075,Cc1cc2nc(C(C(=O)NCCS(N)(=O)=O)S(C)(=O)=O)sc2cc1-c1ccc(C(=O)O)cc1
CHEMBL3672602,8.0,NS(=O)(=O)CCNC(=O)C(c1nc2ccc(-c3ccc(F)nc3)cc2s1)S(=O)(=O)CCC(F)(F)F
CHEMBL3672609,8.0,C=CCS(=O)(=O)C(C(=O)NCCS(N)(=O)=O)c1nc2ccc(-c3ccc(CN4CCOCC4)cc3)cc2s1
CHEMBL3677487,7.7447274948966935,NS(=O)(=O)CCNC(=O)C(c1nc2ccc(-c3cncnc3)cc2s1)S(=O)(=O)Cc1ccc(F)cc1
CHEMBL3672590,4.207608310501746,Cc1cc(CNC(=O)C(C)(C)c2nc3ccc(-c4ccccc4)cc3s2)on1
CHEMBL3672619,7.031517051446065,NC(=O)c1ccc(-c2cc3sc(C(C(=O)NC4CCNC4=O)S(=O)(=O)Cc4ccccc4)nc3cc2F)cc1
CHEMBL3682450,8.086186147616283,NS(=O)(=O)CCNC(=O)C(c1nc2ccc(-c3cccc(C(=O)N4CC(F)C4)c3)cc2s1)S(=O)(=O)CCC(F)(F)F
CHEMBL3677468,7.585026652029182,COCCS(=O)(=O)C(C(=O)NCCS(N)(=O)=O)c1nc2ccc(Br)cc2s1
CHEMBL3677588,7.173925197299173,COCCS(=O)(=O)C(C(=O)NCc1nnc(C)o1)c1nc2cc(F)c(-c3ccc(C(=O)N4CC(C)(O)C4)cc3)cc2s1
CHEMBL3677580,7.667561540084395,CC(C)c1cc(CNC(=O)C(c2nc3ccc(-c4ccccc4)cc3s2)S(C)(=O)=O)on1
CHEMBL3682439,8.920818753952375,Cc1cc2nc(C(C(=O)NCCS(N)(=O)=O)S(=O)(=O)Cc3ccccc3)sc2cc1-c1ccc(C(=O)O)cc1
CHEMBL3677617,9.154901959985743,COCCN(C)C(=O)c1ccc(-c2ccc3nc(C(C(=O)NCCS(N)(=O)=O)S(=O)(=O)CC4CC4)sc3c2)cc1
CHEMBL3677457,9.154901959985743,COCCNC(=O)c1ccc(-c2ccc3nc(C(C(=O)NCCS(N)(=O)=O)S(=O)(=O)Cc4ccc(OC(F)(F)F)cc4)sc3c2)cc1
CHEMBL3677558,8.036212172654444,NC(=O)c1ccc(-c2ccc3nc(C(C(=O)NCCS(N)(=O)=O)S(=O)(=O)CCC(F)(F)F)sc3c2)cc1
CHEMBL3677631,8.42021640338319,COCCS(=O)(=O)C(C(=O)NCCS(N)(=O)=O)c1nc2ccc(-c3ccc(C(=O)N4CC[C@H](OC)C4)cc3)cc2s1
CHEMBL3677571,8.318758762624412,NS(=O)(=O)CCNC(=O)C(c1nc2ccc(-c3cccc(Cl)c3)cc2s1)S(=O)(=O)Cc1ccc(F)cc1
CHEMBL3677522,8.0,COc1cccc(-c2ccc3nc(C(C(=O)NCCS(N)(=O)=O)S(C)(=O)=O)sc3c2)n1
CHEMBL3682484,8.602059991327963,CS(=O)(=O)C(C(=O)NCCS(N)(=O)=O)c1nc2cc(-c3ccc(F)nc3)ccc2s1
CHEMBL3682465,8.207608310501746,NS(=O)(=O)CCNC(=O)C(c1nc2ccc(-c3ccc(C(=O)N4CCCCC4)cc3)cc2s1)S(=O)(=O)Cc1ccccc1
CHEMBL3677440,8.0,CS(=O)(=O)C(C(=O)NCCS(N)(=O)=O)c1nc2cc(-c3ccc(C(=O)NCCO)cc3)ccc2s1
CHEMBL3677523,8.958607314841775,CC(C)(O)Cn1cc(-c2ccc3nc(C(C(=O)NCCS(N)(=O)=O)S(C)(=O)=O)sc3c2)ccc1=O
CHEMBL3672624,8.0,CS(=O)(=O)C(C(=O)NCCS(N)(=O)=O)c1nc2ccc(-c3cnn(CCN4CCOCC4)c3)cc2s1
CHEMBL3677500,8.0,CC(C)(C)OC(=O)c1ccc(-c2ccc3nc(C(C(=O)NCCS(N)(=O)=O)S(C)(=O)=O)sc3c2)cc1
CHEMBL3677572,9.045757490560675,COC(C)(C)CNC(=O)c1ccc(-c2ccc3nc(C(C(=O)NCCS(N)(=O)=O)S(=O)(=O)CC4CC4)sc3c2)cc1
CHEMBL3677504,8.0,NCCS(=O)(=O)C(C(=O)NCCS(N)(=O)=O)c1nc2ccc(-c3ccccc3)cc2s1
CHEMBL3677514,8.0,CC1(O)CCN(C(=O)c2ccc(-c3ccc4nc(C(C(=O)NCCS(N)(=O)=O)S(C)(=O)=O)sc4c3)cc2)CC1
CHEMBL3682462,9.0,Cc1cc2nc(C(C(=O)NCCS(N)(=O)=O)S(=O)(=O)Cc3ccccc3)sc2cc1-c1ccc(C(=O)N2CCCCC2)cc1
CHEMBL3677606,6.801893001126598,NS(=O)(=O)c1cccc(CNC(=O)C(c2nc3ccc(-c4ccncc4Cl)cc3s2)S(=O)(=O)Cc2ccccc2)c1
CHEMBL3677480,8.0,NS(=O)(=O)CCNC(=O)C(c1nc2cc(F)c(-c3ccccc3)cc2s1)S(=O)(=O)CCC(F)(F)F
CHEMBL3682461,8.468521082957745,Cc1cc2nc(C(C(=O)NCCS(N)(=O)=O)S(=O)(=O)Cc3ccccc3)sc2cc1-c1ccc(C(=O)N2CC(C)(O)C2)cc1
CHEMBL3677455,7.269217724333611,NS(=O)(=O)CCNC(=O)C(c1nc2ccc(-c3ccc(C(=O)N4CCOCC4)cc3)cc2s1)S(=O)(=O)CC1CC1
CHEMBL3677607,7.806875401645538,Cc1nnc(CNC(=O)C(c2nc3ccc(-c4ccc(C(=O)OC(C)(C)C)cc4)cc3s2)S(C)(=O)=O)s1
CHEMBL3677536,6.688246138944246,COC(=O)CCS(=O)(=O)C(C(=O)NCc1nnc(C)o1)c1nc2ccc(-c3ccccc3)cc2s1
CHEMBL3672641,8.0,[C-]#[N+]c1cccc(-c2ccc3nc(C(C(=O)NCCS(N)(=O)=O)S(C)(=O)=O)sc3c2)c1
CHEMBL3677591,7.113509274827518,Cc1nnc(CNC(=O)C(c2nc3ccc(-c4ccc(C(=O)N5CC(C)(O)C5)cc4)cc3s2)S(C)(=O)=O)o1
CHEMBL3682446,8.823908740944319,NS(=O)(=O)CCNC(=O)C(c1nc2ccc(-c3cccc(C(=O)N4CCC(O)CC4)c3)cc2s1)S(=O)(=O)CCC(F)(F)F
CHEMBL3682441,8.522878745280337,NS(=O)(=O)CCNC(=O)C(c1nc2ccc(-c3ccc(C(=O)O)cc3)cc2s1)S(=O)(=O)Cc1ccccc1
CHEMBL3677521,8.0,COc1ncccc1-c1ccc2nc(C(C(=O)NCCS(N)(=O)=O)S(C)(=O)=O)sc2c1
CHEMBL3677567,8.0268721464003,COCc1ccc(-c2ccc3nc(C(C(=O)NCCS(N)(=O)=O)S(=O)(=O)CCC(F)(F)F)sc3c2)cc1
CHEMBL3677434,9.301029995663981,COc1cc(-c2ccc3sc(C(C(=O)NCCS(N)(=O)=O)S(C)(=O)=O)nc3c2)ccn1
CHEMBL3677461,8.0,COCCNC(=O)c1ccc(-c2ccc3nc(C(C(=O)NCCS(N)(=O)=O)S(=O)(=O)Cc4cccc(F)c4)sc3c2)cc1
CHEMBL3672667,8.0,NS(=O)(=O)CCNC(=O)C(c1nc2ccc(-c3cnn(CCN4CCOCC4)c3)cc2s1)S(=O)(=O)CC1CC1
CHEMBL3677589,6.993962045002683,COCCS(=O)(=O)C(C(=O)NCc1nnc(C)o1)c1nc2cc(F)c(-c3ccc(C(=O)N4CCCC4)c(F)c3)cc2s1
CHEMBL3677501,8.0,NS(=O)(=O)CCNC(=O)C(c1nc2ccc(-c3ccc(C(=O)N4CCOCC4)cc3)cc2s1)S(=O)(=O)CCNC(=O)OCc1ccccc1
CHEMBL3672614,8.0,COc1ccc(-c2ccc3nc(C(C(=O)NCCS(N)(=O)=O)S(C)(=O)=O)sc3c2)cn1
CHEMBL3677574,8.55284196865778,COCCN(C)C(=O)c1ccc(-c2ccc3nc(C(C(=O)NCCS(N)(=O)=O)S(C)(=O)=O)sc3c2)cc1F
CHEMBL3677505,7.552841968657781,COCCn1cc(-c2ccc3nc(C(C(=O)NCCS(N)(=O)=O)S(=O)(=O)Cc4ccc(F)cc4)sc3c2)cn1
CHEMBL3672642,8.0,CC(=O)Nc1cccc(-c2ccc3nc(C(C(=O)NCCS(N)(=O)=O)S(C)(=O)=O)sc3c2)c1
CHEMBL3677519,8.0,CS(=O)(=O)C(C(=O)NCCS(N)(=O)=O)c1nc2ccc(-c3ccc4c(c3)CNC4=O)cc2s1
CHEMBL3682480,7.8696662315049934,COCCn1ccc(-c2ccc3nc(C(C(=O)NCCS(N)(=O)=O)S(=O)(=O)Cc4ccc(C(F)(F)F)cc4)sc3c2)cc1=O
CHEMBL3677620,7.126098402135539,NS(=O)(=O)CCNC(=O)C(c1nc2ccc(-c3ccc(C(=O)N4CCOCC4)cc3)cc2s1)S(=O)(=O)Cc1ccc(OC(F)(F)F)cc1
CHEMBL3677552,7.910094888560602,CS(=O)(=O)C(C(=O)NCCS(N)(=O)=O)c1nc2ccc(-c3cncs3)cc2s1
CHEMBL3682452,7.570247719997592,CN(CC(F)F)C(=O)c1cccc(-c2ccc3nc(C(C(=O)NCCS(N)(=O)=O)S(=O)(=O)CCC(F)(F)F)sc3c2)c1
CHEMBL3682497,8.455931955649724,CS(=O)(=O)C(C(=O)NCCS(N)(=O)=O)c1nc2cc(-c3ccc(F)nc3F)ccc2s1
CHEMBL3677451,8.0,CCCS(=O)(=O)C(C(=O)NCCS(N)(=O)=O)c1nc2ccc(-c3ccccc3)cc2s1
CHEMBL3682499,8.275724130399212,CC(C)(O)Cn1ccc(-c2ccc3nc(C(C(=O)NCCS(N)(=O)=O)S(C)(=O)=O)sc3c2)cc1=O
CHEMBL3682491,9.301029995663981,CC(=O)Nc1cccc(-c2ccc3sc(C(C(=O)NCCS(N)(=O)=O)S(C)(=O)=O)nc3c2)c1
CHEMBL3677604,8.958607314841775,CC(C)(C)OC(=O)c1ccc(-c2ccc3nc(C(C(=O)NCCS(N)(=O)=O)S(=O)(=O)Cc4ccccc4)sc3c2)cc1
CHEMBL3677563,7.5003129173815966,Cc1cc(CNC(=O)C(c2nc3ccc(-c4ccccc4)cc3s2)S(C)(=O)=O)on1
CHEMBL3677495,8.0,CCS(=O)(=O)C(C(=O)NCc1nnc(C)o1)c1nc2cc(F)c(-c3ccccc3)cc2s1
CHEMBL3677641,6.837435593476981,NS(=O)(=O)CCNC(=O)C(c1nc2ccc(-c3ccc(C(F)(F)F)nc3)cc2s1)S(=O)(=O)CCN1CCOCC1
CHEMBL3672626,8.0,CS(=O)(=O)C(C(=O)NCCS(N)(=O)=O)c1nc2ccc(-c3ccc(F)cc3)cc2s1
CHEMBL3677556,9.301029995663981,NS(=O)(=O)CCNC(=O)C(c1nc2ccc(-c3ccc(C(=O)NC4CC4)cc3)cc2s1)S(=O)(=O)Cc1ccc(OC(F)(F)F)cc1
CHEMBL3672637,8.0,CS(=O)(=O)C(C(=O)NCCS(N)(=O)=O)c1nc2ccc(-c3ccc(CCO)cc3)cc2s1
CHEMBL3672643,8.0,NS(=O)(=O)CCNC(=O)C(c1nc2ccc(-c3ccc(CCO)cc3)cc2s1)S(=O)(=O)CCC(F)(F)F
CHEMBL3677554,8.075720713938118,CS(=O)(=O)C(C(=O)NCCS(N)(=O)=O)c1nc2ccc(-c3ccc(-c4ncco4)cc3)cc2s1
CHEMBL3677466,7.356547323513812,NS(=O)(=O)CCNC(=O)C(c1nc2ccc(-c3cnn(CCN4CCOCC4)c3)cc2s1)S(=O)(=O)Cc1ccccc1
CHEMBL3682451,8.167491087293763,NS(=O)(=O)CCNC(=O)C(c1nc2ccc(-c3cccc(C(=O)NC4CCC4)c3)cc2s1)S(=O)(=O)CCC(F)(F)F
CHEMBL3677543,8.55284196865778,CS(=O)(=O)C(C(=O)NCCS(N)(=O)=O)c1nc2ccc(-c3cccc(OC(F)F)c3)cc2s1
CHEMBL3682476,6.801617869991706,CC1(O)CN(C(=O)c2ccc(-c3ccc4nc(C(C(N)=O)S(=O)(=O)Cc5ccc(OC(F)(F)F)cc5)sc4c3)cc2)C1
CHEMBL3677566,8.008773924307505,NS(=O)(=O)CCNC(=O)C(c1nc2ccc(-c3ccc(S(=O)(=O)NCCO)cc3)cc2s1)S(=O)(=O)Cc1ccc(F)cc1
CHEMBL3672591,8.0,NS(=O)(=O)CCNC(=O)C(NC(=O)c1cccnc1)c1nc2ccc(-c3ccc(F)nc3)cc2s1
CHEMBL3677595,7.351639989019068,COCCNC(=O)c1ccc(-c2ccc3nc(C(C(=O)NCCS(N)(=O)=O)S(=O)(=O)C(C)C)sc3c2)cc1
CHEMBL3677478,8.0,COCCS(=O)(=O)C(C(=O)NCCS(N)(=O)=O)c1nc2c(F)cc(-c3ccccc3)cc2s1
CHEMBL3682463,8.638272163982407,Cc1cc2nc(C(C(=O)NCCS(N)(=O)=O)S(C)(=O)=O)sc2cc1-c1ccc(C(=O)N2CC(C)(O)C2)cc1
CHEMBL3677636,8.508638306165727,NS(=O)(=O)CCNC(=O)C(c1nc2cc(-c3ccc(F)nc3)ccc2s1)S(=O)(=O)CCC(F)(F)F
CHEMBL3677570,8.568636235841012,CC(C)(O)CNC(=O)c1ccc(-c2ccc3nc(C(C(=O)NCCS(N)(=O)=O)S(=O)(=O)Cc4ccc(F)cc4)sc3c2)cc1
CHEMBL3677444,8.0,COCCS(=O)(=O)C(C(=O)NCCS(N)(=O)=O)c1nc2ccc(-c3ccc(C(=O)N4CCOCC4)cc3)cc2s1
CHEMBL3682498,7.767003889607846,CC(C)(C)OC(=O)c1ccc(-c2ccc3nc(C(C(=O)N[C@@H]4CCNC4=O)S(=O)(=O)Cc4ccccc4)sc3c2)cc1
CHEMBL3677615,8.508638306165727,COCCN(C)C(=O)c1ccc(-c2ccc3nc(C(C(=O)NCCS(N)(=O)=O)S(=O)(=O)Cc4ccc(OC(F)(F)F)cc4)sc3c2)cc1
CHEMBL3677435,8.356547323513812,CS(=O)(=O)C(C(=O)NCCS(N)(=O)=O)c1nc2cc(-c3cncnc3)ccc2s1
CHEMBL3677548,8.769551078621726,COc1c(F)cc(-c2ccc3nc(C(C(=O)NCCS(N)(=O)=O)S(C)(=O)=O)sc3c2)cc1F
CHEMBL3682504,7.455931955649724,CS(=O)(=O)C(C(=O)NCCS(=O)(=O)Nc1ccccc1)c1nc2ccc(-c3ccnc(F)c3)cc2s1
CHEMBL3677512,8.0,CS(=O)(=O)C(C(=O)NCCS(N)(=O)=O)c1nc2ccc(-c3ccc(C(=O)N4CCC(F)(F)CC4)cc3)cc2s1
CHEMBL3682469,8.18045606445813,NS(=O)(=O)CCNC(=O)C(c1nc2ccc(-c3ccc(C(=O)N4CC(F)C4)cc3)cc2s1)S(=O)(=O)Cc1ccc(OC(F)(F)F)cc1
CHEMBL3677600,7.452225294612178,CC(C)S(=O)(=O)C(C(=O)NCCS(N)(=O)=O)c1nc2ccc(-c3cccc(C(=O)N(C)C)c3)cc2s1
CHEMBL3677596,8.036212172654444,CC(C)S(=O)(=O)C(C(=O)NCCS(N)(=O)=O)c1nc2cc(C(F)(F)F)c(-c3ccc(C(=O)N4CCOCC4)cc3)cc2s1
CHEMBL3682447,8.008773924307505,NS(=O)(=O)CCNC(=O)C(c1nc2ccc(-c3cccc(C(=O)N4CCOCC4)c3)cc2s1)S(=O)(=O)CCC(F)(F)F
CHEMBL3677430,7.468521082957745,Cc1nnc(CNC(=O)C(c2nc3cc(C)c(-c4ccc(N5CCNCC5)cc4)cc3s2)S(C)(=O)=O)o1
CHEMBL3677456,8.0,COCCNC(=O)c1ccc(-c2ccc3nc(C(C(=O)NCCS(N)(=O)=O)S(=O)(=O)Cc4ccc(F)cc4)sc3c2)cc1
CHEMBL3672639,8.0,COCCNC(=O)c1cccc(-c2ccc3nc(C(C(=O)NCCS(N)(=O)=O)S(C)(=O)=O)sc3c2)c1
CHEMBL3677526,8.0,COCCS(=O)(=O)C(C(=O)NCCS(N)(=O)=O)c1nc2ccc(-c3ccnc(O)c3)cc2s1
CHEMBL3677531,6.8297382846050425,NS(=O)(=O)CCNC(=O)C(c1nc2ccc(C(=O)NCCc3c[nH]cn3)cc2s1)S(=O)(=O)CCC(F)(F)F
CHEMBL3677484,7.863279432843593,NS(=O)(=O)CCNC(=O)C(c1nc2ccc(-c3cncnc3)cc2s1)S(=O)(=O)Cc1ccccc1
CHEMBL3672636,8.0,NS(=O)(=O)CCNC(=O)C(c1nc2ccc(-c3ccc(C(=O)NCCO)cc3)cc2s1)S(=O)(=O)CCC(F)(F)F
CHEMBL3682444,9.154901959985743,CS(=O)(=O)C(C(=O)NCCS(N)(=O)=O)c1nc2ccc(-c3ccc(C(=O)N4CC(F)C4)cc3)cc2s1
CHEMBL3677479,8.0,NS(=O)(=O)CCNC(=O)C(c1nc2cc(F)c(-c3ccccc3)cc2s1)S(=O)(=O)CCNCc1ccccc1
CHEMBL3677447,8.0,COCCS(=O)(=O)C(C(=O)NCCS(N)(=O)=O)c1nc2ccc(-c3ccccc3)cc2s1
CHEMBL3672631,8.0,CS(=O)(=O)C(C(=O)NCCS(N)(=O)=O)c1nc2ccc(-c3ccc(C(=O)NCC(F)(F)F)cc3)cc2s1
CHEMBL3672588,5.026872146400302,C=CCC(C(=O)NCCS(N)(=O)=O)c1nc2ccc(-c3ccccc3)cc2s1
CHEMBL3682500,8.698970004336019,CC(C)(O)Cn1ccc(-c2ccc3sc(C(C(=O)NCCS(N)(=O)=O)S(C)(=O)=O)nc3c2)cc1=O
CHEMBL3672663,8.0,NS(=O)(=O)CCNC(=O)C(c1nc2ccc(-c3cnn(CCN4CCOCC4)c3)cc2s1)S(=O)(=O)Cc1ccc(C(F)(F)F)cc1
CHEMBL3677518,8.0,CS(=O)(=O)C(C(=O)NCCS(N)(=O)=O)c1nc2ccc(-c3ccc4c(c3)C(=O)NC4)cc2s1
CHEMBL3682449,8.259637310505756,NS(=O)(=O)CCNC(=O)C(c1nc2ccc(-c3cccc(C(=O)N4CCCC(F)(F)C4)c3)cc2s1)S(=O)(=O)CCC(F)(F)F
CHEMBL3677535,7.6252516539898965,COCCS(=O)(=O)C(C(=O)NCc1nnc(C)o1)c1nc2ccc(-c3ccccc3)cc2s1
CHEMBL3677496,8.0,Cc1nnc(CNC(=O)C(c2nc3cc(F)c(-c4ccccc4)cc3s2)S(=O)(=O)CC(C)C)o1
CHEMBL3677502,8.0,NCCS(=O)(=O)C(C(=O)NCCS(N)(=O)=O)c1nc2ccc(-c3ccc(C(=O)N4CCOCC4)cc3)cc2s1
CHEMBL3677559,7.534617148551582,CN(C)C(=O)c1ccc(-c2ccc3nc(C(C(=O)NCCS(N)(=O)=O)S(=O)(=O)Cc4ccc(OC(F)(F)F)cc4)sc3c2)cc1F
CHEMBL3682485,8.481486060122112,CS(=O)(=O)C(C(=O)NCCS(N)(=O)=O)c1nc2cc(-c3cnoc3)ccc2s1
CHEMBL3677513,8.0,COC1CN(C(=O)c2ccc(-c3ccc4nc(C(C(=O)NCCS(N)(=O)=O)S(C)(=O)=O)sc4c3)cc2)C1
CHEMBL3677625,8.2518119729938,COC1CN(C(=O)c2ccc(-c3ccc4nc(C(C(=O)NCCS(N)(=O)=O)S(=O)(=O)Cc5ccc(C(F)(F)F)cc5)sc4c3)cc2)C1
CHEMBL3677599,8.1249387366083,CC(C)S(=O)(=O)C(C(=O)NCCS(N)(=O)=O)c1nc2ccc(-c3ccc(C(=O)N4CCOCC4)cc3)cc2s1
CHEMBL3677608,8.318758762624412,CC(C)S(=O)(=O)C(C(=O)NCCS(N)(=O)=O)c1nc2c(F)cc(-c3cccc(C(=O)OC(C)(C)C)c3)cc2s1
CHEMBL3677470,8.0,NS(=O)(=O)CCNC(=O)C(c1nc2ccc(-c3ccnc(F)c3)cc2s1)S(=O)(=O)Cc1ccccc1
CHEMBL3682443,8.744727494896694,CS(=O)(=O)C(C(=O)NCCS(N)(=O)=O)c1nc2ccc(-c3ccc(C(=O)N4CC[C@@H](O)C4)cc3)cc2s1
CHEMBL3677540,9.221848749616356,CS(=O)(=O)C(C(=O)NCCS(N)(=O)=O)c1nc2ccc(-c3cccc(Oc4ccccc4)c3)cc2s1
CHEMBL3677616,7.91721462968355,COCCN(C)C(=O)c1ccc(-c2ccc3nc(C(C(=O)NCCS(N)(=O)=O)S(=O)(=O)CCC(F)(F)F)sc3c2)cc1
CHEMBL3672645,9.096910013008056,CC(=O)Nc1ccc(-c2ccc3nc(C(C(=O)NCCS(N)(=O)=O)S(=O)(=O)CCC(F)(F)F)sc3c2)cc1
CHEMBL3677618,7.694648630553377,COCCNC(=O)c1ccc(-c2ccc3nc(C(C(=O)NCCS(N)(=O)=O)S(=O)(=O)Cc4ccc(Cl)c(Cl)c4)sc3c2)cc1
CHEMBL3672654,9.301029995663981,COCCOC(=O)Nc1ccc(-c2ccc3nc(C(C(=O)NCCS(N)(=O)=O)S(C)(=O)=O)sc3c2)cc1
CHEMBL3677477,8.0,NS(=O)(=O)CCNC(=O)C(c1nc2c(F)cc(-c3ccccc3)cc2s1)S(=O)(=O)Cc1ccccc1
CHEMBL3677438,8.0,CS(=O)(=O)C(C(=O)NCCS(N)(=O)=O)c1nc2cc(-c3ccccc3)ccc2s1
CHEMBL3682459,9.0,CC(C)(O)CNC(=O)c1cccc(-c2ccc3nc(C(C(=O)NCCS(N)(=O)=O)S(=O)(=O)CCC(F)(F)F)sc3c2)c1
CHEMBL3672649,8.431798275933005,NS(=O)(=O)CCNC(=O)C(c1nc2ccc(-c3ccc(C(=O)NCCO)cc3)cc2s1)S(=O)(=O)CC1CC1
CHEMBL3677612,8.4089353929735,COCc1ccc(-c2ccc3nc(C(C(=O)NCCS(N)(=O)=O)S(=O)(=O)CC4CC4)sc3c2)cc1
CHEMBL3682468,8.42021640338319,CO[C@@H]1CCN(C(=O)c2ccc(-c3ccc4nc(C(C(=O)NCCS(N)(=O)=O)S(=O)(=O)Cc5ccc(OC(F)(F)F)cc5)sc4c3)cc2)C1
CHEMBL3682487,7.853871964321762,NS(=O)(=O)CCNC(=O)C(c1nc2ccc(-c3ccnc(O)c3F)cc2s1)S(=O)(=O)CCC(F)(F)F
CHEMBL3677524,8.0,CS(=O)(=O)C(C(=O)NCCS(N)(=O)=O)c1nc2ccc(-c3cccc(O)n3)cc2s1
CHEMBL3677481,8.0,CS(=O)(=O)C(C(=O)NCc1csc(N)n1)c1nc2ccc(-c3ccc(C(=O)N4CCOCC4)cc3)cc2s1
CHEMBL3672646,8.0,CS(=O)(=O)C(C(=O)NCCS(N)(=O)=O)c1nc2ccc(-c3ccc(CO)cc3)cc2s1
CHEMBL3682482,8.744727494896694,COCCOc1ccc(-c2ccc3sc(C(C(=O)NCCS(N)(=O)=O)S(C)(=O)=O)nc3c2)cc1
CHEMBL3677453,8.0,CC(C)CS(=O)(=O)C(C(=O)NCCS(N)(=O)=O)c1nc2ccc(-c3ccc(C(=O)N4CCOCC4)cc3)cc2s1
CHEMBL3677517,7.619788758288394,COCCNC(=O)c1cccc(-c2ccc3nc(C(C(=O)NCCS(N)(=O)=O)S(=O)(=O)CCC(F)(F)F)sc3c2)c1
CHEMBL3672612,8.0,CN(C)S(=O)(=O)c1ccc(-c2ccc3nc(C(C(=O)NCCS(N)(=O)=O)S(C)(=O)=O)sc3c2)cc1
CHEMBL3677469,7.00436480540245,NS(=O)(=O)CCNC(=O)C(c1nc2ccc(Br)cc2s1)S(=O)(=O)CCC(F)(F)F
CHEMBL3682471,7.823908740944319,NS(=O)(=O)CCNC(=O)C(c1nc2ccc(-c3ccc(C(=O)N4CC(F)(F)C4)cc3)cc2s1)S(=O)(=O)Cc1ccc(C(F)(F)F)cc1
CHEMBL3677590,6.993533957750769,COCCS(=O)(=O)C(C(=O)NCc1nnc(C)o1)c1nc2cc(F)c(-c3ccc(C(=O)N4CCCC4)cc3)cc2s1
CHEMBL3677442,7.568636235841013,Cc1nnc(CNC(=O)C(c2nc3cc(C)c(-c4ccc(C(=O)N5CCOCC5)cc4)cc3s2)S(=O)(=O)Cc2ccccc2)o1
CHEMBL3677527,8.0,NS(=O)(=O)CCNC(=O)C(c1nc2ccc(-c3ccnc(O)c3)cc2s1)S(=O)(=O)CCC(F)(F)F
CHEMBL3677639,7.79317412396815,NS(=O)(=O)CCNC(=O)C(c1nc2ccc(-c3ccc(CO)cc3)cc2s1)S(=O)(=O)CCN1CCOCC1
CHEMBL3682453,8.013228265733755,CC(F)(F)CNC(=O)c1cccc(-c2ccc3nc(C(C(=O)NCCS(N)(=O)=O)S(=O)(=O)CCC(F)(F)F)sc3c2)c1
CHEMBL3677637,8.207608310501746,CC(C)S(=O)(=O)C(C(=O)NCCS(N)(=O)=O)c1nc2cc(-c3ccc(F)nc3)ccc2s1
CHEMBL3677542,8.920818753952375,CN(C)C(=O)c1ccc(-c2ccc3nc(C(C(=O)NCCS(N)(=O)=O)S(C)(=O)=O)sc3c2)cc1F
CHEMBL3677472,7.552841968657781,Cc1cc2nc(C(C(=O)NCCS(=O)(=O)NS(C)(=O)=O)S(C)(=O)=O)sc2cc1-c1cnn(C)c1
CHEMBL3677436,8.0,COCCn1cc(-c2ccc3sc(C(C(=O)NCCS(N)(=O)=O)S(C)(=O)=O)nc3c2)cn1
CHEMBL3677584,6.721932669111338,CS(=O)(=O)C(C(=O)NCc1cccc(S(N)(=O)=O)c1)c1nc2ccc(-c3ccccc3)cc2s1
CHEMBL3672627,8.0,CS(=O)(=O)C(C(=O)NCCS(N)(=O)=O)c1nc2ccc(-c3cccc(F)c3)cc2s1
CHEMBL3677634,9.301029995663981,NS(=O)(=O)CCNC(=O)C(c1nc2cc(-c3ccc(F)nc3)ccc2s1)S(=O)(=O)Cc1ccc(OC(F)(F)F)cc1
CHEMBL3677611,8.267606240177031,COCc1ccc(-c2ccc3nc(C(C(=O)NCCS(N)(=O)=O)S(=O)(=O)Cc4ccc(OC(F)(F)F)cc4)sc3c2)cc1
CHEMBL3677598,6.689094370623859,COCCS(=O)(=O)NS(=O)(=O)c1cccc(CNC(=O)C(c2nc3cc(-c4ccccc4)ccc3s2)S(=O)(=O)CCOC)c1
CHEMBL3677462,8.0,NS(=O)(=O)CCNC(=O)C(c1nc2ccc(-c3ccccc3)cc2s1)S(=O)(=O)CC1CC1
CHEMBL3672658,8.0,CS(=O)(=O)C(C(=O)NCCS(N)(=O)=O)c1nc2ccc(-c3cnn(Cc4ccccc4)c3)cc2s1
CHEMBL3677645,8.721246399047171,CC1(O)CN(C(=O)c2ccc(-c3ccc4nc(C(C(=O)NCCS(N)(=O)=O)S(=O)(=O)CCC(F)(F)F)sc4c3)cc2)C1
CHEMBL3677458,9.096910013008056,COCCNC(=O)c1ccc(-c2ccc3nc(C(C(=O)NCCS(N)(=O)=O)S(=O)(=O)CC4CC4)sc3c2)cc1
CHEMBL3682478,7.764471553092451,NS(=O)(=O)CCNC(=O)C(c1nc2ccc(-c3ccccc3F)cc2s1)S(=O)(=O)Cc1ccc(OC(F)(F)F)cc1
CHEMBL3677485,7.8326826652518236,COCCS(=O)(=O)C(C(=O)NCCS(N)(=O)=O)c1nc2ccc(-c3cncnc3)cc2s1
CHEMBL3672600,8.0,NS(=O)(=O)CCNC(=O)C(c1nc2ccc(-c3ccc(F)nc3)cc2s1)S(=O)(=O)Cc1ccccc1
CHEMBL3677539,8.096910013008056,CS(=O)(=O)C(C(=O)NCCS(N)(=O)=O)c1nc2ccc(-c3cc(F)cc(Cl)c3)cc2s1
CHEMBL3672589,4.207608310501746,CC(C)c1cc(CNC(=O)C(C)(C)c2nc3ccc(-c4ccccc4)cc3s2)on1
CHEMBL3672633,8.0,CC1CCN(C(=O)c2ccc(-c3ccc4nc(C(C(=O)NCCS(N)(=O)=O)S(C)(=O)=O)sc4c3)cc2)CC1
CHEMBL3672592,8.0,CCCC(=O)NC(C(=O)NCCS(N)(=O)=O)c1nc2ccc(-c3ccc(F)nc3)cc2s1
CHEMBL3672595,8.0,NS(=O)(=O)CCNC(=O)C(NC(=O)c1cccnc1)c1nc2ccc(-c3ccc(C(=O)N4CCOCC4)cc3)cc2s1
CHEMBL3677545,8.356547323513812,COCc1cccc(-c2ccc3nc(C(C(=O)NCCS(N)(=O)=O)S(C)(=O)=O)sc3c2)c1
CHEMBL3677585,7.494850021680094,Cc1nnc(CNC(=O)C(c2nc3ccc(-c4ccc(C(=O)N5CC(F)(F)C5)cc4)cc3s2)S(C)(=O)=O)o1
CHEMBL3672628,8.0,CS(=O)(=O)C(C(=O)NCCS(N)(=O)=O)c1nc2ccc(-c3ccc4c(c3)OCO4)cc2s1
CHEMBL3672621,6.882728704344236,Cc1nnc(CNC(=O)C(c2nc3ccc(-c4ccccc4)c(F)c3s2)S(=O)(=O)Cc2ccccc2)o1
CHEMBL3677569,8.193820026016112,CC(C)(O)CNC(=O)c1ccc(-c2ccc3nc(C(C(=O)NCCS(N)(=O)=O)S(C)(=O)=O)sc3c2)cc1
CHEMBL3672594,8.0,CCCC(=O)NC(C(=O)NCCS(N)(=O)=O)c1nc2ccc(-c3ccc(C(=O)N4CCOCC4)cc3)cc2s1
CHEMBL3677534,7.638272163982407,NS(=O)(=O)CCNC(=O)C(c1nc2ccc(C(=O)N3CCc4ccccc4C3)cc2s1)S(=O)(=O)CCC(F)(F)F
CHEMBL3672665,8.0,NS(=O)(=O)CCNC(=O)C(c1nc2ccc(-c3cnn(CCN4CCOCC4)c3)cc2s1)S(=O)(=O)Cc1ccc(F)cc1
CHEMBL3677593,7.229147988357855,COCCS(=O)(=O)C(C(=O)NCc1nnc(C)o1)c1nc2ccc(-c3ccc(C(=O)N4CC(C)(O)C4)cc3)cc2s1
CHEMBL3677427,8.0,Cc1nnc(CNC(=O)C(c2nc3cc(C)c(-c4ccc(F)nc4)cc3s2)S(C)(=O)=O)o1
CHEMBL3682437,8.585026652029182,CC1(O)CN(C(=O)c2ccc(-c3ccc4nc(C(C(=O)NCCS(N)(=O)=O)S(=O)(=O)Cc5ccc(OC(F)(F)F)cc5)sc4c3)cc2)C1
CHEMBL3677520,8.0,CS(=O)(=O)C(C(=O)NCCS(N)(=O)=O)c1nc2ccc(-c3ccc4c(c3)NC(=O)C4)cc2s1
CHEMBL3639762,7.070581074285707,Cc1nnc(CNC(=O)C(c2nc3cc(C)c(-c4ccccc4)cc3s2)S(C)(=O)=O)o1
CHEMBL3677553,8.920818753952375,CS(=O)(=O)C(C(=O)NCCS(N)(=O)=O)c1nc2ccc(-c3ccc(-c4nnc(N)s4)cc3)cc2s1
CHEMBL3677610,8.167491087293763,NS(=O)(=O)CCNC(=O)C(c1nc2ccc(-c3ccccc3)cc2s1)S(=O)(=O)CCC(F)(F)F
CHEMBL3677525,8.0,CS(=O)(=O)C(C(=O)NCCS(N)(=O)=O)c1nc2ccc(-c3ccnc(O)c3)cc2s1
CHEMBL3677449,8.0,CCS(=O)(=O)C(C(=O)NCCS(N)(=O)=O)c1nc2ccc(-c3ccccc3)cc2s1
CHEMBL3672620,7.920818753952375,Cc1nnc(CNC(=O)C(c2nc3cc(C)c(-c4ccccc4)cc3s2)S(=O)(=O)Cc2ccccc2)o1
CHEMBL3672606,8.0,CS(=O)(=O)C(C(=O)NCCS(N)(=O)=O)c1nc2ccc(-c3ccc(C(F)(F)F)nc3)cc2s1
CHEMBL3677581,7.374687549038326,Cc1nnc(CNC(=O)C(c2nc3ccc(-c4ccc(F)cc4)cc3s2)S(=O)(=O)Cc2ccccc2)o1
CHEMBL3672650,8.0,NS(=O)(=O)CCNC(=O)C(c1nc2ccc(-c3ccc(CCO)cc3)cc2s1)S(=O)(=O)CC1CC1
CHEMBL3677549,8.657577319177793,CS(=O)(=O)C(C(=O)NCCS(N)(=O)=O)c1nc2ccc(-c3cccc(S(N)(=O)=O)c3)cc2s1
CHEMBL3672623,7.853871964321762,Cc1cc(-c2ccc3nc(C(C(=O)NCCS(N)(=O)=O)S(C)(=O)=O)sc3c2)cnc1F
CHEMBL3677597,8.0,COCCNC(=O)c1ccc(-c2cc3sc(C(C(=O)NCCS(N)(=O)=O)S(=O)(=O)C(C)C)nc3cc2C(F)(F)F)cc1
CHEMBL3677587,6.916139199133427,COCCS(=O)(=O)C(C(=O)NCc1nnc(C)o1)c1nc2cc(F)c(-c3ccc(C(=O)N(C)C)c(F)c3)cc2s1
CHEMBL3677473,8.0,Cc1cc2nc(C(C(=O)NCCS(N)(=O)=O)S(C)(=O)=O)sc2cc1-c1ccc(F)nc1
CHEMBL3677448,8.0,NS(=O)(=O)CCNC(=O)C(c1nc2ccc(-c3ccccc3)cc2s1)S(=O)(=O)Cc1ccccc1
CHEMBL3677537,8.853871964321762,CS(=O)(=O)C(C(=O)NCCS(N)(=O)=O)c1nc2ccc(-c3ccc(Cl)cc3)cc2s1
CHEMBL3677443,7.619788758288394,COc1ccc(-c2cc3sc(C(C(=O)NCc4nnc(C)o4)S(=O)(=O)Cc4ccccc4)nc3cc2C)cn1
CHEMBL3682464,8.494850021680094,Cc1cc2nc(C(C(=O)NCCS(N)(=O)=O)S(C)(=O)=O)sc2cc1-c1ccc(C(=O)N2CCOCC2)cc1
CHEMBL3682490,9.154901959985743,COCc1ccc(-c2ccc3sc(C(C(=O)NCCS(N)(=O)=O)S(C)(=O)=O)nc3c2)cc1
CHEMBL3677640,7.2549252084179425,NS(=O)(=O)CCNC(=O)C(c1nc2ccc(-c3cncnc3)cc2s1)S(=O)(=O)CCN1CCOCC1
CHEMBL3682470,8.568636235841012,CO[C@H]1CCN(C(=O)c2ccc(-c3ccc4nc(C(C(=O)NCCS(N)(=O)=O)S(=O)(=O)Cc5ccc(OC(F)(F)F)cc5)sc4c3)cc2)C1
CHEMBL3672659,8.0,NS(=O)(=O)CCNC(=O)C(c1nc2ccc(-c3cnn(CCN4CCOCC4)c3)cc2s1)S(=O)(=O)CCC(F)(F)F
CHEMBL3682442,8.397940008672037,CS(=O)(=O)C(C(=O)NCCS(N)(=O)=O)c1nc2ccc(-c3ccc(C(=O)N4CC[C@H](O)C4)cc3)cc2s1
CHEMBL3677432,8.0,CS(=O)(=O)C(C(=O)NCCS(N)(=O)=O)c1nc2cc(-c3ccc(C(=O)N4CCOCC4)cc3)ccc2s1
CHEMBL3677464,8.0,N#Cc1cccc(CS(=O)(=O)C(C(=O)NCCS(N)(=O)=O)c2nc3ccc(-c4ccccc4)cc3s2)c1
CHEMBL3677490,8.0,CS(=O)(=O)C(C(=O)NCCS(N)(=O)=O)c1nc2ccc(-c3cncnc3)cc2s1
CHEMBL3677497,8.0,Cc1nnc(CNC(=O)C(c2nc3cc(F)c(-c4ccccc4)cc3s2)S(=O)(=O)Cc2ccccc2)o1
CHEMBL3677633,8.886056647693163,COCCS(=O)(=O)C(C(=O)NCCS(N)(=O)=O)c1nc2cc(-c3ccc(F)nc3)ccc2s1
CHEMBL3672616,8.0,CS(=O)(=O)C(C(=O)NCCS(N)(=O)=O)c1nc2ccc(-c3ccc(-n4cccn4)cc3)cc2s1
CHEMBL3672605,8.0,CS(=O)(=O)C(C(=O)NCCS(N)(=O)=O)c1nc2ccc(-c3ccc(Cl)nc3)cc2s1
CHEMBL3677493,8.0,COc1nccc(-c2ccc3nc(C(C(=O)NCCS(N)(=O)=O)S(C)(=O)=O)sc3c2)c1F
CHEMBL3677605,6.718512112059919,NS(=O)(=O)c1ccccc1CNC(=O)C(c1nc2ccc(-c3ccc(C(=O)N4CCCC4)cc3)cc2s1)S(=O)(=O)Cc1ccccc1
CHEMBL3682436,8.619788758288394,CC1(O)CN(C(=O)c2ccc(-c3ccc4nc(C(C(=O)NCCS(N)(=O)=O)S(=O)(=O)Cc5ccc(C(F)(F)F)cc5)sc4c3)cc2)C1
CHEMBL3672662,8.0,NS(=O)(=O)CCNC(=O)C(c1nc2ccc(-c3ccnc(F)c3)cc2s1)S(=O)(=O)CCC(F)(F)F
CHEMBL3672660,8.0,COCCS(=O)(=O)C(C(=O)NCCS(N)(=O)=O)c1nc2ccc(-c3ccc(NC(=O)OC(C)(C)C)cc3)cc2s1
CHEMBL3677499,8.0,COCCS(=O)(=O)C(C(=O)NCc1nnc(C)o1)c1nc2cc(F)c(-c3ccccc3)cc2s1
CHEMBL3672657,8.0,CC(C)Cn1cc(-c2ccc3nc(C(C(=O)NCCS(N)(=O)=O)S(C)(=O)=O)sc3c2)cn1
CHEMBL3672603,8.0,CS(=O)(=O)C(C(=O)NCCS(N)(=O)=O)c1nc2ccc(-c3ccnc(F)c3)cc2s1
CHEMBL3677592,7.031517051446065,COCCNC(=O)c1ccc(-c2ccc3nc(C(C(=O)NCc4nnc(C)o4)S(=O)(=O)CCOC)sc3c2)cc1
CHEMBL3672652,8.920818753952375,CS(=O)(=O)C(C(=O)NCCS(N)(=O)=O)c1nc2ccc(-c3cccc(N4CCCC4)c3)cc2s1
CHEMBL3672668,8.0,CS(=O)(=O)C(C(=O)NCCS(N)(=O)=O)c1nc2ccc(-c3c[nH]nc3C(F)(F)F)cc2s1
CHEMBL3672655,8.0,NS(=O)(=O)CCNC(=O)C(c1nc2ccc(-c3ccc(C(=O)NCC(F)(F)F)cc3)cc2s1)S(=O)(=O)Cc1ccc(F)cc1
CHEMBL3677565,8.292429823902063,Cn1nccc1-c1ccc2nc(C(C(=O)NCCS(N)(=O)=O)S(C)(=O)=O)sc2c1
CHEMBL3677582,6.532243948755967,Cc1nnc(CNC(=O)C(c2nc3ccc(-c4ccc(O)cc4)cc3s2)S(=O)(=O)Cc2ccccc2)o1
CHEMBL3677482,8.0,Cn1cc(-c2cc3sc(C(C(=O)NCCS(N)(=O)=O)S(=O)(=O)Cc4ccccc4)nc3cc2F)cn1
CHEMBL3677564,8.309803919971486,COCCS(=O)(=O)C(C(=O)NCc1cc(C)no1)c1nc2ccc(-c3ccccc3)cc2s1
CHEMBL3677594,7.407823242604133,COCCNC(=O)c1ccc(-c2cc3sc(C(C(=O)NCc4nnc(C)o4)S(C)(=O)=O)nc3cc2F)cc1
CHEMBL3677583,6.647431613820691,Cc1nnc(CNC(=O)C(c2nc3ccc(-c4cccc(N(C)C)c4)cc3s2)S(=O)(=O)Cc2ccccc2)o1
CHEMBL3677638,7.966576244513051,NS(=O)(=O)CCNC(=O)C(c1nc2ccc(-c3ccc(F)nc3)cc2s1)S(=O)(=O)CCN1CCOCC1
CHEMBL3677452,8.0,NS(=O)(=O)CCNC(=O)C(c1nc2ccc(-c3ccc(C(=O)N4CCOCC4)cc3)cc2s1)S(=O)(=O)CCC(F)(F)F
CHEMBL3677551,7.1073489661227,CS(=O)(=O)C(C(=O)NCCS(N)(=O)=O)c1nc2ccc(-c3cnn(CCC(F)(F)F)c3)cc2s1
CHEMBL3677624,7.3819519032879075,CS(=O)(=O)C(C(=O)NCCS(N)(=O)=O)c1nc2ccc(-c3ncccn3)cc2s1
CHEMBL3677503,8.0,NS(=O)(=O)CCNC(=O)C(c1nc2cc(F)c(-c3ccccc3)cc2s1)S(=O)(=O)CCN1CCOCC1
CHEMBL3682472,8.431798275933005,NS(=O)(=O)CCNC(=O)C(c1nc2ccc(-c3ccc4c(c3)CNC4=O)cc2s1)S(=O)(=O)Cc1ccc(C(F)(F)F)cc1
CHEMBL3677463,8.0,NS(=O)(=O)CCNC(=O)C(c1nc2ccc(-c3ccccc3)cc2s1)S(=O)(=O)Cc1ccc(F)cc1
CHEMBL3682467,8.698970004336019,CC1(O)CN(C(=O)c2ccc(-c3ccc4nc(C(C(=O)NCCS(N)(=O)=O)S(=O)(=O)Cc5ccc(F)cc5)sc4c3)cc2)C1
CHEMBL3677575,8.214670164989233,COCCN(C)C(=O)c1ccc(-c2ccc3nc(C(C(=O)NCCS(N)(=O)=O)S(=O)(=O)CC4CC4)sc3c2)cc1F
CHEMBL3672611,7.3979400086720375,CC(=O)Nc1ccc(-c2ccc3nc(C(C(=O)NCCS(N)(=O)=O)S(C)(=O)=O)sc3c2)cc1
CHEMBL3672661,8.0,COCCS(=O)(=O)C(C(=O)NCCS(N)(=O)=O)c1nc2ccc(-c3ccc(NC(=O)OC)cc3)cc2s1
CHEMBL3672625,8.0,COCCNC(=O)c1ccc(-c2ccc3nc(C(C(=O)NCCS(N)(=O)=O)S(C)(=O)=O)sc3c2)cc1
CHEMBL3672651,8.0,CN1CCOc2cc(-c3ccc4nc(C(C(=O)NCCS(N)(=O)=O)S(C)(=O)=O)sc4c3)ccc21
CHEMBL3677509,8.0,COCCS(=O)(=O)C(C(=O)NCCS(N)(=O)=O)c1nc2ccc(-c3ccc(C(=O)N4CCC(F)(F)C4)cc3)cc2s1
CHEMBL3677630,8.522878745280337,CS(=O)(=O)C(C(=O)NCCS(N)(=O)=O)c1nc2ccc(-c3ccccc3F)cc2s1
CHEMBL3677646,9.221848749616356,CS(=O)(=O)C(C(=O)NCCS(N)(=O)=O)c1nc2cc(-c3ccc(C(=O)N4CC(F)(F)C4)cc3)ccc2s1
CHEMBL3682477,7.935542010773082,CC(C)(O)Cn1ccc(-c2ccc3nc(C(C(=O)NCCS(N)(=O)=O)S(=O)(=O)Cc4ccc(F)cc4)sc3c2)cc1=O
CHEMBL3677629,9.154901959985743,CO[C@H]1CCN(C(=O)c2ccc(-c3ccc4nc(C(C(=O)NCCS(N)(=O)=O)S(=O)(=O)CCC(F)(F)F)sc4c3)cc2)C1
CHEMBL3639763,8.0,CS(=O)(=O)C(C(=O)NCCS(N)(=O)=O)c1nc2ccc(-c3cc(O)ncc3F)cc2s1
CHEMBL3677628,8.602059991327963,NS(=O)(=O)CCNC(=O)C(c1nc2ccc(-c3ccc4c(c3)CNC4=O)cc2s1)S(=O)(=O)Cc1ccc(OC(F)(F)F)cc1
CHEMBL3677508,8.0,COCCS(=O)(=O)C(C(=O)NCCS(N)(=O)=O)c1nc2ccc(-c3ccc(C(=O)N4CC(F)(F)C4)cc3)cc2s1
CHEMBL3677632,8.522878745280337,NS(=O)(=O)CCNC(=O)C(c1nc2ccc(-c3ccccc3F)cc2s1)S(=O)(=O)CCC(F)(F)F
CHEMBL3677532,6.779891911959945,CC(C)c1cc(CNC(=O)c2ccc3nc(C(C(=O)NCCS(N)(=O)=O)S(=O)(=O)CCC(F)(F)F)sc3c2)on1
CHEMBL3672608,8.0,CS(=O)(=O)C(C(=O)NCCS(N)(=O)=O)c1nc2ccc(-c3ccc(CN4CCOCC4)cc3)cc2s1
CHEMBL3672597,8.0,CC(=O)NC(C(=O)NCc1nnc(C)o1)c1nc2ccc(-c3ccc(F)cc3)cc2s1
CHEMBL3677528,9.301029995663981,CS(=O)(=O)C(C(=O)NCCS(N)(=O)=O)c1nc2ccc(-c3ccnc(O)c3F)cc2s1
CHEMBL3677474,8.0,Cc1cc2nc(C(C(=O)NCCS(N)(=O)=O)S(=O)(=O)CCC(F)(F)F)sc2cc1-c1ccc(F)nc1
CHEMBL3677557,9.301029995663981,NC(=O)c1ccc(-c2ccc3nc(C(C(=O)NCCS(N)(=O)=O)S(=O)(=O)Cc4ccc(OC(F)(F)F)cc4)sc3c2)cc1
CHEMBL3677546,8.67778070526608,CS(=O)(=O)C(C(=O)NCCS(N)(=O)=O)c1nc2ccc(-c3ccc(C(=O)NC4CC4)cc3)cc2s1
CHEMBL3677441,8.823908740944319,CS(=O)(=O)C(C(=O)NCCS(N)(=O)=O)c1nc2cc(-c3ccnc(F)c3)ccc2s1
CHEMBL3677538,9.096910013008056,CS(=O)(=O)C(C(=O)NCCS(N)(=O)=O)c1nc2ccc(-c3cccc(Cl)c3)cc2s1
CHEMBL3672634,8.0,CC(=O)Nc1ccc(-c2ccc3nc(C(C(=O)NCCS(N)(=O)=O)S(=O)(=O)Cc4ccccc4)sc3c2)cc1
CHEMBL3677433,9.301029995663981,COc1ccc(-c2ccc3sc(C(C(=O)NCCS(N)(=O)=O)S(C)(=O)=O)nc3c2)cn1
CHEMBL3677446,7.7447274948966935,NS(=O)(=O)CCNC(=O)C(c1nc2ccc(-c3ccc(C(=O)N4CCOCC4)cc3)cc2s1)S(=O)(=O)Cc1ccccc1
CHEMBL3682495,9.154901959985743,CS(=O)(=O)C(C(=O)NCCS(N)(=O)=O)c1nc2cc(-c3cccnc3F)ccc2s1
CHEMBL3677506,8.0,COCCn1cc(-c2ccc3nc(C(C(=O)NCCS(N)(=O)=O)S(C)(=O)=O)sc3c2)c(C(F)(F)F)n1
CHEMBL3672610,8.0,CCCS(=O)(=O)C(C(=O)NCCS(N)(=O)=O)c1nc2ccc(-c3ccnc(F)c3)cc2s1
CHEMBL3677603,6.761201437286083,CS(=O)(=O)C(C(=O)NCc1ccccc1S(N)(=O)=O)c1nc2ccc(-c3ccc(N4CCCCC4)cc3)cc2s1
CHEMBL3672622,8.0,CS(=O)(=O)C(C(=O)NCCS(N)(=O)=O)c1nc2ccc(-c3ccc(C(=O)N4CCOCC4)c(Cl)c3)cc2s1
CHEMBL3677586,7.242603971206976,COCCNC(=O)c1ccc(-c2cc3sc(C(C(=O)NCc4nnc(C)o4)S(=O)(=O)CCOC)nc3cc2F)cc1
CHEMBL3682502,7.298432014944073,CS(=O)(=O)C(C(=O)NCCS(N)(=O)=O)c1nc2cc(C(=O)N3CC(F)(F)C3)ccc2s1
CHEMBL3677614,9.096910013008056,COCCN(C)C(=O)c1ccc(-c2ccc3nc(C(C(=O)NCCS(N)(=O)=O)S(=O)(=O)Cc4ccc(C(F)(F)F)cc4)sc3c2)cc1
CHEMBL3677555,8.309803919971486,Cc1nnc(-c2ccc(-c3ccc4nc(C(C(=O)NCCS(N)(=O)=O)S(C)(=O)=O)sc4c3)cc2)o1
CHEMBL3682503,7.42712839779952,CS(=O)(=O)C(C(=O)NCCS(N)(=O)=O)c1nc2cc(C(=O)NCCc3ccc(F)cc3)ccc2s1
CHEMBL3677622,8.537602002101044,NS(=O)(=O)CCNC(=O)C(c1nc2ccc(-c3ccc(C(=O)N4CCOCC4)cc3)cc2s1)S(=O)(=O)Cc1ccc(F)cc1
CHEMBL3677515,8.0,CS(=O)(=O)C(C(=O)NCCS(N)(=O)=O)c1nc2ccc(-c3ccc(C(=O)N4CCC(O)CC4)cc3)cc2s1
CHEMBL3677627,8.142667503568731,COC1CN(C(=O)c2ccc(-c3ccc4nc(C(C(=O)NCCS(N)(=O)=O)S(=O)(=O)Cc5ccc(F)cc5)sc4c3)cc2)C1
CHEMBL3682475,6.916855856856948,Cn1cc(-c2ccc3nc(C(C(=O)NCCS(N)(=O)=O)S(=O)(=O)Cc4ccc(C(F)(F)F)cc4)sc3c2)ccc1=O
CHEMBL3677437,8.0,CS(=O)(=O)C(C(=O)NCCS(N)(=O)=O)c1nc2cc(-c3cnn(CCN4CCOCC4)c3)ccc2s1
CHEMBL3672640,8.0,[C-]#[N+]c1ccc(-c2ccc3nc(C(C(=O)NCCS(N)(=O)=O)S(C)(=O)=O)sc3c2)cc1
CHEMBL3672656,8.0,NS(=O)(=O)CCNC(=O)C(c1nc2ccc(-c3ccc(C(=O)NCCO)cc3)cc2s1)S(=O)(=O)Cc1ccc(F)cc1
CHEMBL3677428,7.853871964321762,Cc1nnc(CNC(=O)C(c2nc3cc(C)c(-c4ccc(C(=O)N5CCOCC5)cc4)cc3s2)S(C)(=O)=O)o1
CHEMBL3682473,8.327902142064282,NS(=O)(=O)CCNC(=O)C(c1nc2ccc(-c3ccc(C(=O)N4CC(F)(F)C4)cc3)cc2s1)S(=O)(=O)Cc1cccc(C(F)(F)F)c1
CHEMBL3677544,8.795880017344075,CS(=O)(=O)C(C(=O)NCCS(N)(=O)=O)c1nc2ccc(-c3ccc(C(N)=O)cc3)cc2s1
CHEMBL3639764,8.10790539730952,COC1CN(C(=O)c2ccc(-c3ccc4nc(C(C(=O)NCCS(N)(=O)=O)S(=O)(=O)CCC(F)(F)F)sc4c3)cc2)C1
CHEMBL3677492,8.0,COCCS(=O)(=O)C(C(=O)NCCS(N)(=O)=O)c1nc2ccc(-c3ccnc(OC)c3)cc2s1
CHEMBL3672629,8.0,CS(=O)(=O)C(C(=O)NCCS(N)(=O)=O)c1nc2ccc(-c3ccc(OC(F)(F)F)cc3)cc2s1
CHEMBL3672638,8.0,COCCOc1ccc(-c2ccc3nc(C(C(=O)NCCS(N)(=O)=O)S(C)(=O)=O)sc3c2)cc1
CHEMBL3677467,7.7447274948966935,CC(C)CS(=O)(=O)C(C(=O)NCCS(N)(=O)=O)c1nc2ccc(-c3cnn(CCN4CCOCC4)c3)cc2s1
CHEMBL3672630,8.0,CS(=O)(=O)C(C(=O)NCCS(N)(=O)=O)c1nc2ccc(-c3ccc(C(=O)NCCO)cc3)cc2s1
CHEMBL3677547,8.638272163982407,CC(C)Oc1ccc(-c2ccc3nc(C(C(=O)NCCS(N)(=O)=O)S(C)(=O)=O)sc3c2)cc1Cl
CHEMBL3672635,8.0,NS(=O)(=O)CCNC(=O)C(c1nc2ccc(-c3ccc(C(=O)NCC(F)(F)F)cc3)cc2s1)S(=O)(=O)CCC(F)(F)F
CHEMBL3677642,7.886056647693163,CS(=O)(=O)C(C(=O)NCCS(N)(=O)=O)c1nc2ccc(-c3cnn(CCC4CCOCC4)c3)cc2s1
CHEMBL3672617,8.0,COC(=O)Nc1ccc(-c2ccc3nc(C(C(=O)NCCS(N)(=O)=O)S(C)(=O)=O)sc3c2)cc1
CHEMBL3677483,7.795880017344075,NS(=O)(=O)CCNC(=O)C(c1nc2ccc(-c3cncnc3)cc2s1)S(=O)(=O)CCC(F)(F)F
CHEMBL3672618,6.958607314841775,CS(=O)(=O)C(C(=O)NCCS(=O)(=O)c1ccc(F)cc1)c1nc2ccc(-c3ccnc(F)c3)cc2s1
CHEMBL3682455,8.221848749616356,CC1(O)CCN(C(=O)c2cccc(-c3ccc4nc(C(C(=O)NCCS(N)(=O)=O)S(=O)(=O)CCC(F)(F)F)sc4c3)c2)CC1
CHEMBL3672632,8.0,CS(=O)(=O)C(C(=O)NCCS(N)(=O)=O)c1nc2ccc(-c3ccc(OCCN4CCOCC4)cc3)cc2s1
CHEMBL3677576,8.1249387366083,COCC(C)(C)NC(=O)c1ccc(-c2ccc3nc(C(C(=O)NCCS(N)(=O)=O)S(=O)(=O)CC4CC4)sc3c2)cc1
CHEMBL3672607,8.0,CC(C)S(=O)(=O)C(C(=O)NCCS(N)(=O)=O)c1nc2ccc(-c3ccc(F)nc3)cc2s1
CHEMBL3677488,8.0,COc1cc(-c2ccc3nc(C(C(=O)NCCS(N)(=O)=O)S(=O)(=O)CCC(F)(F)F)sc3c2)ccn1
CHEMBL3677621,7.679853713888946,COCCNC(=O)c1ccc(-c2ccc3nc(C(C(=O)NCCS(N)(=O)=O)S(=O)(=O)Cc4cc(Cl)cc(Cl)c4)sc3c2)cc1
CHEMBL3672598,8.0,CS(=O)(=O)C(C(=O)NCCS(N)(=O)=O)c1nc2ccc(-c3ccc(F)nc3)cc2s1
CHEMBL3672666,8.0,CC(C)(C)OC(=O)N1CCC(n2cc(-c3ccc4nc(C(C(=O)NCCS(N)(=O)=O)S(C)(=O)=O)sc4c3)cn2)CC1
CHEMBL3682496,8.086186147616283,Cn1nccc1-c1ccc2sc(C(C(=O)NCCS(N)(=O)=O)S(C)(=O)=O)nc2c1
CHEMBL3682448,7.847711655616943,NS(=O)(=O)CCNC(=O)C(c1nc2ccc(-c3cccc(C(=O)N4CC(F)(F)C4)c3)cc2s1)S(=O)(=O)CCC(F)(F)F
CHEMBL3677471,8.0,NS(=O)(=O)CCNC(=O)C(c1nc2ccc(-c3cnn(CCN4CCOCC4)c3)cc2s1)S(=O)(=O)CCCC(F)(F)F
CHEMBL3677494,8.0,Cc1nnc(CNC(=O)C(c2nc3cc(F)c(-c4ccccc4)cc3s2)S(=O)(=O)CCC(F)(F)F)o1
CHEMBL3672664,8.0,CS(=O)(=O)C(C(=O)NCCS(N)(=O)=O)c1nc2ccc(-c3cnn(-c4ccc(F)cc4)c3)cc2s1
CHEMBL3682483,8.522878745280337,CC(=O)Nc1ccc(-c2ccc3sc(C(C(=O)NCCS(N)(=O)=O)S(C)(=O)=O)nc3c2)cc1
CHEMBL3682493,8.958607314841775,CS(=O)(=O)C(C(=O)NCCS(N)(=O)=O)c1nc2cc(-c3ccncc3F)ccc2s1
CHEMBL3672613,7.886056647693163,CNc1ccc(-c2ccc3nc(C(C(=O)NCCS(N)(=O)=O)S(C)(=O)=O)sc3c2)cc1
CHEMBL3682454,7.835647144215563,CN(C)C(=O)c1cccc(-c2ccc3nc(C(C(=O)NCCS(N)(=O)=O)S(=O)(=O)CCC(F)(F)F)sc3c2)c1
CHEMBL3677577,8.080921907623926,COCC(C)(C)NC(=O)c1ccc(-c2ccc3nc(C(C(=O)NCCS(N)(=O)=O)S(=O)(=O)Cc4ccc(OC(F)(F)F)cc4)sc3c2)cc1
CHEMBL3677529,8.698970004336019,CS(=O)(=O)C(C(=O)NCCS(N)(=O)=O)c1nc2cc(-c3ccnc(O)c3)ccc2s1
CHEMBL3672653,9.301029995663981,COCc1ccc(-c2ccc3nc(C(C(=O)NCCS(N)(=O)=O)S(C)(=O)=O)sc3c2)cc1
CHEMBL3672644,8.0,NS(=O)(=O)CCNC(=O)C(c1nc2ccc(-c3ccc(OCCN4CCOCC4)cc3)cc2s1)S(=O)(=O)CCC(F)(F)F
CHEMBL3677573,8.67778070526608,NS(=O)(=O)CCNC(=O)C(c1nc2ccc(-c3ccc(CO)cc3)cc2s1)S(=O)(=O)Cc1ccc(F)cc1
CHEMBL3677623,8.275724130399212,NS(=O)(=O)CCNC(=O)C(c1nc2ccc(-c3ccc(C(=O)N4CCOCC4)cc3)cc2s1)S(=O)(=O)Cc1ccc(Cl)c(Cl)c1
CHEMBL3682445,7.139661993429006,NC(=O)c1cccc(-c2ccc3nc(C(C(=O)NCCS(N)(=O)=O)S(=O)(=O)CCC(F)(F)F)sc3c2)c1
CHEMBL3677460,8.0,COCCNC(=O)c1ccc(-c2ccc3nc(C(C(=O)NCCS(N)(=O)=O)S(=O)(=O)Cc4ccc(C(F)(F)F)cc4)sc3c2)cc1
CHEMBL3677568,7.590066876668706,NS(=O)(=O)CCNC(=O)C(c1nc2ccc(-c3ccc(CCO)cc3)cc2s1)S(=O)(=O)Cc1ccc(F)cc1
CHEMBL3677602,8.769551078621726,Cc1cc2nc(C(C(=O)NCCS(N)(=O)=O)S(C)(=O)=O)sc2cc1-c1ccc(C(=O)OC(C)(C)C)cc1
CHEMBL3682438,8.040958607678906,NS(=O)(=O)CCNC(=O)C(c1nc2ccc(-c3ccc(C(=O)N4CCC(F)(F)C4)cc3)cc2s1)S(=O)(=O)Cc1ccc(OC(F)(F)F)cc1
CHEMBL3682501,8.455931955649724,CC(C)(O)Cn1cc(-c2ccc3sc(C(C(=O)NCCS(N)(=O)=O)S(C)(=O)=O)nc3c2)ccc1=O
CHEMBL3677643,8.744727494896694,CC1(O)CN(C(=O)c2ccc(-c3ccc4nc(C(C(=O)NCCS(N)(=O)=O)S(C)(=O)=O)sc4c3)cc2)C1
CHEMBL3672599,7.886056647693163,Cc1noc(C)c1-c1ccc2nc(C(C(=O)NCCS(N)(=O)=O)S(C)(=O)=O)sc2c1
CHEMBL3677454,8.0,COCCNC(=O)c1ccc(-c2ccc3nc(C(C(=O)NCCS(N)(=O)=O)S(=O)(=O)CCC(F)(F)F)sc3c2)cc1
CHEMBL3677626,8.259637310505756,COC1CN(C(=O)c2ccc(-c3ccc4nc(C(C(=O)NCCS(N)(=O)=O)S(=O)(=O)Cc5ccc(OC(F)(F)F)cc5)sc4c3)cc2)C1
CHEMBL3672669,8.0,COc1cccc(-c2ccc3nc(C(C(=O)NCCS(N)(=O)=O)S(C)(=O)=O)sc3c2)c1
CHEMBL3682460,8.275724130399212,Cc1cc2nc(C(C(=O)NCCS(N)(=O)=O)S(=O)(=O)Cc3ccccc3)sc2cc1-c1ccc(C(=O)N2CCOCC2)cc1
CHEMBL3677516,8.0,CS(=O)(=O)C(C(=O)NCCS(N)(=O)=O)c1nc2ccc(-c3ccc(C(=O)NC4COC4)cc3)cc2s1
CHEMBL3677431,7.958607314841775,Cc1nnc(CNC(=O)C(c2nc3cc(C)c(-c4ccc5c(c4)CCC(=O)N5)cc3s2)S(C)(=O)=O)o1
CHEMBL3677530,9.0,CS(=O)(=O)C(C(=O)NCCS(N)(=O)=O)c1nc2cc(-c3ccc(O)nc3)ccc2s1
CHEMBL3677562,7.338187314462739,COCCS(=O)(=O)C(C(=O)NCc1cc(C(C)C)no1)c1nc2ccc(-c3ccccc3)cc2s1
CHEMBL3672593,8.0,NS(=O)(=O)CCNC(=O)C(NC(=O)C(F)F)c1nc2ccc(-c3ccc(F)nc3)cc2s1
CHEMBL3677561,6.536256278752941,COCCNC(=O)c1ccc(-c2ccc3nc(C(C(=O)NCc4cc(C(C)C)no4)S(C)(=O)=O)sc3c2)cc1
CHEMBL3677475,8.0,Cc1cc2nc(C(C(=O)NCCS(N)(=O)=O)S(=O)(=O)CC(C)C)sc2cc1-c1ccc(F)nc1
CHEMBL3672615,8.0,CS(=O)(=O)C(C(=O)NCCS(N)(=O)=O)c1nc2ccc(-c3ccc(N4CCOCC4)cc3)cc2s1
CHEMBL3677439,9.301029995663981,COCCNC(=O)c1ccc(-c2ccc3sc(C(C(=O)NCCS(N)(=O)=O)S(C)(=O)=O)nc3c2)cc1
CHEMBL3682457,7.8696662315049934,NS(=O)(=O)CCNC(=O)C(c1nc2ccc(-c3cccc(C(=O)N4CCC(F)(F)CC4)c3)cc2s1)S(=O)(=O)CCC(F)(F)F
CHEMBL3677560,8.337242168318426,CN(C)C(=O)c1ccc(-c2ccc3nc(C(C(=O)NCCS(N)(=O)=O)S(=O)(=O)CCC(F)(F)F)sc3c2)cc1F
CHEMBL3677613,8.154901959985743,CC(=O)Nc1ccc(-c2ccc3nc(C(C(=O)NCCS(N)(=O)=O)S(=O)(=O)Cc4ccc(C(F)(F)F)cc4)sc3c2)cc1
CHEMBL3677465,7.096910013008056,COc1ccc(CN(Cc2ccc(OC)cc2)S(=O)(=O)CCNC(=O)C(c2nc3ccc(-c4ccccc4)cc3s2)S(C)(=O)=O)cc1
CHEMBL3682481,7.801342913045577,Cn1ccc(-c2ccc3nc(C(C(=O)NCCS(N)(=O)=O)S(=O)(=O)Cc4ccc(OC(F)(F)F)cc4)sc3c2)cc1=O
CHEMBL3677489,8.0,Cn1ccc(-c2ccc3nc(C(C(=O)NCCS(N)(=O)=O)S(=O)(=O)CCC(F)(F)F)sc3c2)cc1=O
CHEMBL3677507,7.431798275933005,COCCn1cc(-c2ccc3nc(C(C(=O)NCCS(N)(=O)=O)S(=O)(=O)CC4CC4)sc3c2)cn1
CHEMBL3682486,9.096910013008056,CS(=O)(=O)C(C(=O)NCCS(N)(=O)=O)c1nc2cc(-c3ncccn3)ccc2s1
CHEMBL3677635,9.0,NS(=O)(=O)CCNC(=O)C(c1nc2cc(-c3ccc(F)nc3)ccc2s1)S(=O)(=O)Cc1ccc(F)cc1
CHEMBL3672596,8.0,NS(=O)(=O)CCNC(=O)C(NC(=O)c1ccc(C(F)(F)F)cc1)c1nc2ccc(-c3ccc(C(=O)N4CCOCC4)cc3)cc2s1
CHEMBL3639813,7.548213564475709,Cn1ccc(-c2ccc3nc(C(C(=O)NCCS(N)(=O)=O)S(=O)(=O)Cc4ccc(C(F)(F)F)cc4)sc3c2)cc1=O
CHEMBL3677578,8.275724130399212,COC[C@H](C)NC(=O)c1ccc(-c2ccc3nc(C(C(=O)NCCS(N)(=O)=O)S(=O)(=O)Cc4ccc(OC(F)(F)F)cc4)sc3c2)cc1
CHEMBL3672648,8.0,CS(=O)(=O)C(C(=O)NCCS(N)(=O)=O)c1nc2ccc(-c3cccc(CCO)c3)cc2s1
CHEMBL3677476,8.0,Cc1cc2nc(C(C(=O)NCCS(N)(=O)=O)S(=O)(=O)C(C)C)sc2cc1-c1ccc(F)nc1
CHEMBL3682488,8.148741651280925,NS(=O)(=O)CCNC(=O)C(c1nc2ccc(-c3ccnc(O)c3F)cc2s1)S(=O)(=O)Cc1ccc(OC(F)(F)F)cc1
CHEMBL3672604,8.0,CS(=O)(=O)C(C(=O)NCCS(N)(=O)=O)c1nc2ccc(-c3ccnc(Cl)c3)cc2s1
CHEMBL3682494,8.508638306165727,CC(C)(C)OC(=O)N1CC=C(c2ccc3sc(C(C(=O)NCCS(N)(=O)=O)S(C)(=O)=O)nc3c2)CC1
CHEMBL3677609,7.747146969020107,COCCS(=O)(=O)C(C(=O)NCCS(N)(=O)=O)c1nc2ccc(-c3ccc(F)nc3)cc2s1
CHEMBL3677459,8.920818753952375,COCCNC(=O)c1ccc(-c2ccc3nc(C(C(=O)NCCS(N)(=O)=O)S(=O)(=O)Cc4cccc(C#N)c4)sc3c2)cc1
CHEMBL3677541,9.154901959985743,CS(=O)(=O)C(C(=O)NCCS(N)(=O)=O)c1nc2ccc(-c3ccc(C(=O)NCCCO)cc3)cc2s1
CHEMBL3677533,7.585026652029182,NS(=O)(=O)CCNC(=O)C(c1nc2ccc(C(=O)N3CC(F)(F)C3)cc2s1)S(=O)(=O)CCC(F)(F)F
CHEMBL3672647,8.0,CS(=O)(=O)C(C(=O)NCCS(N)(=O)=O)c1nc2ccc(-c3ccc(S(=O)(=O)NCCO)cc3)cc2s1
CHEMBL3682456,8.022276394711152,NS(=O)(=O)CCNC(=O)C(c1nc2ccc(-c3cccc(C(=O)N4CC[C@@H](O)C4)c3)cc2s1)S(=O)(=O)CCC(F)(F)F
CHEMBL3682466,9.096910013008056,CS(=O)(=O)C(C(=O)NCCS(N)(=O)=O)c1nc2cc(-c3ccccc3F)ccc2s1
CHEMBL3672601,8.0,NS(=O)(=O)CCNC(=O)C(c1nc2ccc(-c3ccc(F)nc3)cc2s1)S(=O)(=O)Cc1ccc(C(F)(F)F)cc1
CHEMBL3682492,8.698970004336019,CS(=O)(=O)C(C(=O)NCCS(N)(=O)=O)c1nc2cc(-c3cccc(F)n3)ccc2s1
CHEMBL3682458,7.882728704344236,NS(=O)(=O)CCNC(=O)C(c1nc2ccc(-c3cccc(C(=O)N4CC[C@H](O)C4)c3)cc2s1)S(=O)(=O)CCC(F)(F)F
CHEMBL3677644,8.318758762624412,CC1(O)CN(C(=O)c2ccc(-c3ccc4sc(C(C(=O)NCCS(N)(=O)=O)S(C)(=O)=O)nc4c3)cc2)C1
CHEMBL3677550,7.289036881004725,CC(C)(C)OC(=O)n1ccc(-c2ccc3nc(C(C(=O)NCCS(N)(=O)=O)S(C)(=O)=O)sc3c2)c1
CHEMBL3677498,8.0,Cc1nnc(CNC(=O)C(c2nc3cc(F)c(-c4ccccc4)cc3s2)S(C)(=O)=O)o1
CHEMBL3677445,8.0,CS(=O)(=O)C(C(=O)NCCS(N)(=O)=O)c1nc2ccc(-c3ccc(C(=O)N4CCOCC4)cc3)cc2s1
CHEMBL3682474,8.207608310501746,CC1(O)CN(C(=O)c2ccc(-c3ccc4nc(C(C(=O)NCCS(N)(=O)=O)S(=O)(=O)Cc5cccc(C(F)(F)F)c5)sc4c3)cc2)C1
CHEMBL3677579,8.585026652029182,C[C@H]1CN(C(=O)c2ccc(-c3ccc4nc(C(C(=O)NCCS(N)(=O)=O)S(=O)(=O)CC5CC5)sc4c3)cc2)CCO1
CHEMBL3677619,6.836838625022982,NS(=O)(=O)CCNC(=O)C(c1nc2ccc(-c3ccc(C(=O)N4CCOCC4)cc3)cc2s1)S(=O)(=O)Cc1ccc(C(F)(F)F)cc1
CHEMBL3682489,8.537602002101044,CS(=O)(=O)C(C(=O)NCCS(N)(=O)=O)c1nc2cc(-c3cncc(F)c3)ccc2s1
CHEMBL3699457,6.638272163982407,O=C(Cc1nc2ccc(-c3ccccc3)cc2s1)NCc1cccc(C(=O)O)c1
CHEMBL3699458,6.958607314841775,N#CCNC(=O)CNC(=O)Cc1nc2ccc(-c3ccccc3)cc2s1
CHEMBL3680944,6.585026652029182,O=C(O)CCc1nnc(Cc2nc3ccc(-c4ccccc4)cc3s2)o1
CHEMBL3680945,7.136677139879544,CS(=O)(=O)NCc1nnc(Cc2nc3ccc(-c4ccccc4)cc3s2)o1
CHEMBL3680946,7.070581074285707,N#CCCc1nnc(Cc2nc3ccc(-c4ccccc4)cc3s2)o1
CHEMBL3680947,7.080921907623926,O=C(Cc1nnc(Cc2nc3ccc(-c4ccccc4)cc3s2)o1)NCCO
CHEMBL3680948,6.4089353929735005,N#CCNC(=O)Cc1nnc(Cc2nc3cc(-c4ccccc4)ccc3o2)o1
CHEMBL3680949,7.2839966563652006,O=C(Cc1nnc(Cc2nc3ccc(-c4ccccc4)cc3s2)o1)N1CCOCC1
CHEMBL3680950,8.221848749616356,O=C(Cc1nnc(Cc2nc3ccc(-c4ccccc4)cc3s2)o1)Nc1ccccc1
CHEMBL3680951,8.301029995663981,NS(=O)(=O)NCc1nnc(Cc2nc3ccc(-c4ccccc4)cc3s2)o1
CHEMBL3680952,7.443697499232712,N#CCNC(=O)Cc1nnc(Cc2nc3c(Br)cccc3s2)o1
CHEMBL3680953,7.920818753952375,N#CCNC(=O)Cc1nnc(Cc2nc3c(-c4ccccc4)cccc3s2)o1
CHEMBL3680954,7.823908740944319,Cn1ccc(-c2ccc3nc(Cc4nnc(CC(=O)NC5(C#N)CC5)o4)sc3c2)n1
CHEMBL3680955,6.721246399047171,N#CCNC(=O)Cc1nnc(Cc2ccc3cc(-c4ccccc4)ccc3n2)o1
CHEMBL3680956,5.6020599913279625,N#CCNC(=O)Cc1nnc(Cc2cnc3cc(-c4ccccc4)ccc3n2)o1
CHEMBL3680957,4.638272163982407,N#CCNC(=O)Cc1nnc(Cc2ccc(-c3ccccc3)cn2)o1
CHEMBL3680958,8.397940008672037,Cn1cc(-c2ccc3sc(Cc4nnc(CC(=O)NC5(C#N)CC5)o4)nc3c2)cn1
CHEMBL3680959,7.2839966563652006,O=C(Cc1nnc(Cc2nc3ccc(-c4ccc(F)cc4)cc3s2)o1)NC1(CO)CC1
CHEMBL3680960,8.045757490560675,N#CC1(NC(=O)Cc2nnc(Cc3nc4c(-c5ccccc5)cccc4s3)o2)CC1
CHEMBL3680961,7.107905397309519,O=C(Cc1nnc(Cc2nc3c(-c4ccccc4)cccc3s2)o1)NC1(CO)CC1
CHEMBL3680962,6.6020599913279625,N#CCNC(=O)Cc1nnc(C(F)(F)c2nc3ccc(-c4ccccc4)cc3s2)o1
CHEMBL3680963,6.3979400086720375,O=C(Cc1nnc(Cc2nc3ccc(-c4ccccc4)cc3s2)o1)N1CC(O)C1
CHEMBL3680964,7.337242168318426,O=C(Cc1nnc(Cc2nc3ccc(-c4ccccc4)cc3s2)o1)NC1COC1
CHEMBL3680965,8.698970004336019,CC(C#N)NC(=O)Cc1nnc(Cc2nc3ccc(-c4ccccc4)cc3s2)o1
CHEMBL3680966,7.853871964321762,N#CC1(NC(=O)Cc2nnc(Cc3nc4ccc(Cc5ccc(F)cc5)cc4s3)o2)CC1
CHEMBL3680967,8.096910013008056,N#CC1(NC(=O)Cc2nnc(Cc3nc4ccc(C5=CCOCC5)cc4s3)o2)CC1
CHEMBL3680968,8.397940008672037,N#CC1(NC(=O)Cc2nnc(Cc3nc4ccc(-c5ccc(Cl)s5)cc4s3)o2)CC1
CHEMBL3680969,7.552841968657781,N#CC1(NC(=O)Cc2nnc(Cc3nc4ccc(-c5cc6ccccc6s5)cc4s3)o2)CC1
CHEMBL3680970,7.356547323513812,N#CC1(NC(=O)Cc2nnc(Cc3nc4ccc(-c5ncc(F)cn5)cc4s3)o2)CC1
CHEMBL3680971,7.161150909262744,N#CC1(NC(=O)Cc2nnc(Cc3nc4ccc(-c5ncccn5)cc4s3)o2)CC1
CHEMBL3680972,7.568636235841013,N#CC1(NC(=O)Cc2nnc(Cc3nc4ccc(-c5ccc(Cl)cn5)cc4s3)o2)CC1
CHEMBL3680973,8.045757490560675,N#CC1(NC(=O)Cc2nnc(Cc3nc4ccc(-c5ccc(F)s5)cc4s3)o2)CC1
CHEMBL3680974,7.958607314841775,Cc1ccc(-c2ccc3nc(Cc4nnc(CC(=O)NC5(C#N)CC5)o4)sc3c2F)s1
CHEMBL3680975,8.096910013008056,N#CC1(NC(=O)Cc2nnc(Cc3nc4cnc(-c5ccccc5)cc4s3)o2)CC1
CHEMBL3680976,7.657577319177793,N#CC1(NC(=O)Cc2nnc(Cc3nc4ccc(-c5ccc(Cl)cc5)c(F)c4s3)o2)CC1
CHEMBL3680977,6.795880017344075,Cc1ccc(-c2ccc3nc(Cc4nnc(CC(=O)NC5(C#N)CC5)o4)sc3n2)s1
CHEMBL3680978,7.3872161432802645,N#CC1(NC(=O)Cc2nnc(Cc3nc4ccc(-c5ccccc5)c(Cl)c4s3)o2)CC1
CHEMBL3680979,6.958607314841775,Cn1cc(-c2ccc3nc(Cc4nnc(CC(=O)NC5(C#N)CC5)o4)sc3n2)cn1
CHEMBL3680980,7.187086643357144,Cn1cc(-c2ccc3nc(Cc4nnc(CC(=O)NC5(C#N)CC5)o4)sc3c2Cl)cn1
CHEMBL3680981,7.376750709602099,COc1cc(-c2cnn(C)c2)cc2sc(Cc3nnc(CC(=O)NC4(C#N)CC4)o3)nc12
CHEMBL3680982,7.853871964321762,N#CC1(NC(=O)Cc2nnc(Cc3nc4ccc(-c5ccc(Cl)s5)c(F)c4s3)o2)CC1
CHEMBL3681996,6.033389013318065,COc1cc(CNC(=O)n2sc3ncccc3c2=O)cc(OC)c1OC
CHEMBL3681997,7.3979400086720375,COc1cc(C(C)NC(=O)n2sc3ncccc3c2=O)cc(CO)c1OC
CHEMBL3681998,6.698970004336019,CC(NC(=O)n1sc2ncccc2c1=O)c1ccc2c(c1)OCCO2
CHEMBL3681999,7.161150909262744,O=C(NCc1ccccc1)n1sc2ncccc2c1=O
CHEMBL3682000,6.97061622231479,COc1ccc(OC)c(CNC(=O)n2sc3ncccc3c2=O)c1
CHEMBL3682001,5.367542707815276,Cc1cc(C)c(CNC(=O)n2sc3ncccc3c2=O)c(C)c1
CHEMBL3682002,6.8297382846050425,COc1ccc(C(C)NC(=O)n2sc3ncccc3c2=O)cc1OC
CHEMBL3682003,6.739928612014925,COc1cccc(CNC(=O)n2sc3ncccc3c2=O)c1
CHEMBL3686712,6.920818753952375,Cc1cccc(C)c1CNC(=O)n1sc2ncccc2c1=O
CHEMBL3686713,7.552841968657781,CC(C)C(NC(=O)n1sc2ncccc2c1=O)c1ccc2c(c1)OCCCO2
CHEMBL3686714,6.860120913598763,O=C(NCc1ccccc1OC(F)F)n1sc2ncccc2c1=O
CHEMBL3686715,6.935542010773082,CSc1ccc(CNC(=O)n2sc3ncccc3c2=O)cc1
CHEMBL3686716,6.578396073130169,CSc1cccc(CNC(=O)n2sc3ncccc3c2=O)c1
CHEMBL3686717,6.665546248849069,COCCOc1ccc(CNC(=O)n2sc3ncccc3c2=O)cn1
CHEMBL3686718,5.860120913598763,COc1cc(CNC(=O)n2sc3ncccc3c2=O)ccc1OCCN(C)C
CHEMBL3686719,5.798602875679548,CC(C)Oc1ncccc1CNC(=O)n1sc2ncccc2c1=O
CHEMBL3686720,6.638272163982407,CCOc1ccc(CNC(=O)n2sc3ncccc3c2=O)cc1OC
CHEMBL3686721,7.070581074285707,CN(C)Cc1ccc(CNC(=O)n2sc3ncccc3c2=O)cc1
CHEMBL3686722,6.407823242604133,CC(NC(=O)n1sc2ncccc2c1=O)c1ccc(N2CCOCC2)cc1
CHEMBL3686723,6.286509456906058,COCCN1CCC(CNC(=O)n2sc3ncccc3c2=O)CC1
CHEMBL3686724,5.801342913045577,Cc1ccccc1CNC(=O)n1sc2ncccc2c1=O
CHEMBL3686725,7.096910013008056,COCCOc1ccc([C@@H](C)NC(=O)n2sc3ncccc3c2=O)cc1OC
CHEMBL3699447,6.251811972993799,NS(=O)(=O)c1cccc(CNC(=O)Cc2nc3ccc(-c4ccccc4)cc3s2)c1
CHEMBL3699448,5.886056647693163,CN(C)C(=O)c1cccc(CNC(=O)Cc2nc3ccc(-c4ccccc4)cc3s2)c1
CHEMBL3699449,5.6777807052660805,COCC(O)CNC(=O)Cc1nc2ccc(-c3ccccc3)cc2s1
CHEMBL3699450,6.5376020021010435,O=C(Cc1nc2cc(-c3cccc(C(F)(F)F)c3)ccc2s1)NCc1cccc(C(=O)O)c1
CHEMBL3699451,6.552841968657781,O=C(Cc1nc2ccc(-c3ccccc3)cc2s1)NCc1nc(C(=O)O)cs1
CHEMBL3699456,7.251811972993799,N#CCNC(=O)CNC(=O)Cc1nc2cc(-c3ccc(OC(F)(F)F)cc3)ccc2s1
CHEMBL3699455,7.494850021680094,C#CCNC(=O)CNC(=O)Cc1nc2ccc(-c3ccccc3)cc2s1
CHEMBL3699452,7.5376020021010435,N#CC1(NC(=O)CNC(=O)Cc2nc3ccc(-c4ccccc4)cc3s2)CC1
CHEMBL3699453,7.036212172654444,CC(O)CNC(=O)CNC(=O)Cc1nc2ccc(-c3ccccc3)cc2s1
CHEMBL3699454,7.5376020021010435,COc1cc2nc(CC(=O)NCC(=O)NCC#N)sc2cc1-c1ccccc1
CHEMBL3696224,8.0,Cn1ccc(C(=O)NCc2ccc(Oc3ccc(F)cc3)cc2)c(O)c1=O
CHEMBL3696227,7.746661994673894,Cn1ccc(C(=O)NCc2cccc(-c3ccccc3)c2)c(O)c1=O
CHEMBL3696228,5.184090349113226,Cn1ccc(C(=O)NCc2ccccc2N2CCCCC2)c(O)c1=O
CHEMBL3696229,5.190238334892875,Cn1ccc(C(=O)NCc2ccccc2N2CCCC2)c(O)c1=O
CHEMBL3696230,7.948076083953893,Cn1c(C(F)(F)F)cc(C(=O)NCc2cccc(-c3ccc(Cl)cc3)c2)c(O)c1=O
CHEMBL3696225,5.339988778710669,O=C(NC1CCN(c2ccc(F)cc2)CC1)c1ccn(CC(F)(F)F)c(=O)c1O
CHEMBL3696231,6.453457336521869,O=C(N[C@H]1CC[C@@H](c2ccccc2)CC1)c1ccn(CCC(F)(F)F)c(=O)c1O
CHEMBL3696232,6.160019442321658,O=C(N[C@H]1CC[C@@H](c2ccccc2)CC1)c1ccn(CCCC(F)(F)F)c(=O)c1O
CHEMBL3696233,7.956244873031321,O=C(NCc1ccccc1-c1ccc(F)cc1)c1ccn(CC(F)(F)F)c(=O)c1O
CHEMBL3696226,6.323214969580794,Cn1c(Cl)cc(C(=O)NC2CCC(c3ccccc3)CC2)c(O)c1=O
CHEMBL3913080,5.425852935849277,CC(c1nnc(CNS(N)(=O)=O)o1)(c1nc2ccc(-c3ccccc3)cc2s1)S(C)(=O)=O
CHEMBL3982941,4.6020599913279625,CC(c1nnc(CNS(N)(=O)=O)o1)(c1nc2ccc(-c3ccccc3)cc2s1)S(=O)(=O)Cc1ccccc1
CHEMBL3922082,5.185885643870875,CC(c1nnc(CNS(N)(=O)=O)o1)c1nc2ccc(-c3ccc(F)nc3)cc2s1
CHEMBL3897528,4.82739706879014,CC(O)(c1nnc(CNS(N)(=O)=O)o1)c1nc2ccc(-c3ccc(F)nc3)cc2s1
CHEMBL3898605,8.0,NS(=O)(=O)NCc1nnc(C(NC(=O)c2ccc(C(F)(F)F)cc2)c2nc3ccc(-c4ccc(F)nc4)cc3s2)o1
CHEMBL3969793,8.0,NS(=O)(=O)NCc1nnc(C(NC(=O)c2cccnc2)c2nc3ccc(-c4ccc(F)nc4)cc3s2)o1
CHEMBL3907617,8.0,NS(=O)(=O)NCc1nnc(C(NC(=O)NCc2ccccc2)c2nc3ccc(-c4ccc(F)nc4)cc3s2)o1
CHEMBL3965114,8.0,CCC(=O)NC(c1nnc(CNS(N)(=O)=O)o1)c1nc2ccc(-c3ccc(F)nc3)cc2s1
CHEMBL3920855,8.0,CCOC(=O)CNC(=O)NC(c1nnc(CNS(N)(=O)=O)o1)c1nc2ccc(-c3ccc(F)nc3)cc2s1
CHEMBL3892844,8.0,NS(=O)(=O)NCc1nnc(C(NC(=O)Nc2ccc(F)cc2)c2nc3ccc(-c4ccc(F)nc4)cc3s2)o1
CHEMBL3985862,8.0,Cc1noc(C)c1NC(=O)NC(c1nnc(CNS(N)(=O)=O)o1)c1nc2ccc(-c3ccc(F)nc3)cc2s1
CHEMBL3912620,8.0,CC(=O)NC(c1nnc(CC2SC(=O)NC2=O)o1)c1nc2ccc(-c3ccc(F)nc3)cc2o1
CHEMBL3974514,8.0,CC(=O)NC(c1nnc(CNS(N)(=O)=O)o1)c1nc2ccc(-c3ccc(F)nc3)cc2s1
CHEMBL3964341,8.0,CC(=O)NC(c1nnc(CC2SC(=O)NC2=O)o1)c1nc2ccc(-c3ccnn3C)cc2s1
CHEMBL3966019,8.0,CC(C)C(=O)NC(c1nnc(CNS(N)(=O)=O)o1)c1nc2ccc(-c3ccccc3)cc2s1
CHEMBL3898109,8.0,CC(C)(C)OC(=O)NC(c1nnc(CNS(N)(=O)=O)o1)c1nc2ccc(-c3ccccc3)cc2s1
CHEMBL3958234,8.0,CC(C)NC(=O)NC(c1nnc(CNS(N)(=O)=O)o1)c1nc2ccc(-c3ccccc3)cc2s1
CHEMBL3905324,8.0,NS(=O)(=O)NCc1nnc(C(NC(=O)c2ccc(C(F)(F)F)cc2)c2nc3ccc(-c4ccccc4)cc3s2)o1
CHEMBL3927850,8.0,CC(=O)NC(c1nnc(CNC(=O)OC(C)(C)C)o1)c1nc2ccc(-c3ccccc3)cc2s1
CHEMBL3920360,8.0,O=C(NC(c1nnc(CS(=O)(=O)O)o1)c1nc2ccc(-c3ccccc3)cc2s1)C1CC1
CHEMBL3978083,8.0,O=C(NC(c1nnc(CS(=O)(=O)O)o1)c1nc2ccc(-c3ccccc3)cc2s1)c1ccc(C(F)(F)F)cc1
CHEMBL3907554,8.0,CC(=O)NC(c1nnc(C2CN(C(=O)OC(C)(C)C)C2)o1)c1nc2ccc(-c3ccccc3)cc2s1
CHEMBL3892028,8.0,O=C1NC(=O)C(Cc2nnc(C(NC(=O)C3CC3)c3nc4c(F)cc(-c5ccccc5)cc4s3)o2)S1
CHEMBL3916517,8.0,O=C1NC(=O)C(Cc2nnc(C(NC(=O)c3ccc(C(F)(F)F)cc3)c3nc4c(F)cc(-c5ccccc5)cc4s3)o2)S1
CHEMBL3970137,8.0,O=C1NC(=O)C(Cc2nnc(C(=O)c3nc4ccc(-c5ccccc5)cc4s3)o2)N1
CHEMBL3936055,8.0,O=C(c1nnc(CC2CCNC2=O)o1)c1nc2ccc(-c3ccccc3)cc2s1
CHEMBL3944998,8.0,NS(=O)(=O)Cc1nnc(C(=O)c2nc3ccc(-c4ccccc4)cc3s2)o1
CHEMBL3920596,7.00436480540245,COC(=O)N[C@H]1CC[C@H](c2nnc(C(=O)c3nc4ccc(-c5ccccc5)cc4s3)o2)CC1
CHEMBL3954830,8.0,O=C(c1nnc(C2CCN(c3ncccn3)CC2)o1)c1nc2ccc(-c3ccccc3)cc2s1
CHEMBL3920762,7.958607314841775,O=C(c1nnc(CCc2ncc[nH]2)o1)c1nc2ccc(-c3ccccc3)cc2s1
CHEMBL3901147,8.0,O=C(c1nnc(CCc2ncc(-c3ccccc3)o2)o1)c1nc2ccc(-c3ccccc3)cc2s1
CHEMBL3921189,8.0,O=C1NC(=O)C(Cc2nnc(C(=O)c3nc4ccc(-c5ccccc5)cc4s3)o2)S1
CHEMBL3953316,8.0,O=C(c1nnc(C2CCS(=O)(=O)N2)o1)c1nc2ccc(-c3ccccc3)cc2s1
CHEMBL3982056,8.0,NS(=O)(=O)Cc1nnc(C(=O)c2nc3c(F)cc(-c4ccccc4)cc3s2)o1
CHEMBL3911180,8.0,O=C(c1nnc(C2CCN(c3ccc(C(F)(F)F)cc3)CC2)o1)c1nc2ccc(-c3ccccc3)cc2s1
CHEMBL3984590,8.0,O=C(c1nnc(CCc2nc3ccccc3[nH]2)o1)c1nc2c(F)cc(-c3ccccc3)cc2s1
CHEMBL3898599,8.0,CC(C)(C)OC(=O)N1CCC(CCc2nnc(C(=O)c3nc4ccc(-c5ccc(F)cc5)cc4s3)o2)CC1
CHEMBL3926640,7.508638306165727,CC(C)(C)OC(=O)N[C@H]1CC[C@H](c2nnc(C(=O)c3nc4ccc(-c5ccccc5)cc4s3)o2)CC1
CHEMBL3923195,8.0,O=C(c1nnc(C2CCN(Cc3ccc(F)cc3)CC2)o1)c1nc2ccc(-c3ccccc3)cc2s1
CHEMBL3954351,8.0,CC(C)(C)OC(=O)N1CCC(c2nnc(C(=O)c3nc4ccc(-c5ccc(F)cc5)cc4s3)o2)CC1
CHEMBL3942057,7.886056647693163,O=C(c1nnc(CCC2CCN(CC3CC3)CC2)o1)c1nc2ccc(-c3ccccc3)cc2s1
CHEMBL3917602,8.0,CC(C)(C)OC(=O)N1CCC(c2nnc(C(=O)c3nc4ccc(-c5ccccc5)cc4s3)o2)CC1
CHEMBL4113789,8.0,C[C@@H](NC(=O)OC(C)(C)C)c1nnc(C(=O)c2nc3ccc(-c4ccccc4)cc3s2)o1
CHEMBL3905059,7.180456064458132,C[C@H](NC(=O)OC(C)(C)C)c1nnc(C(=O)c2nc3ccc(-c4ccccc4)cc3s2)o1
CHEMBL3927628,8.0,O=C(c1nnc(C2CCN(Cc3ccc(OC(F)(F)F)cc3)CC2)o1)c1nc2ccc(-c3ccccc3)cc2s1
CHEMBL4114591,7.0655015487564325,C[C@@H](NS(N)(=O)=O)c1nnc(C(=O)c2nc3ccc(-c4ccccc4)cc3s2)o1
CHEMBL3896109,6.619788758288394,C[C@H](NS(N)(=O)=O)c1nnc(C(=O)c2nc3ccc(-c4ccccc4)cc3s2)o1
CHEMBL3890635,7.638272163982407,CN(Cc1nnc(C(=O)c2nc3ccc(-c4ccccc4)cc3s2)o1)S(N)(=O)=O
CHEMBL3908566,7.443697499232712,NS(=O)(=O)NCCc1nnc(C(=O)c2nc3ccc(-c4ccccc4)cc3s2)o1
CHEMBL3982030,8.0,NS(=O)(=O)NCc1nnc(C(=O)c2nc3ccc(-c4ccc(F)cc4)cc3s2)o1
CHEMBL3905549,8.0,COC(=O)Nc1ccc(-c2ccc3nc(C(=O)c4nnc(CNS(N)(=O)=O)o4)sc3c2)cc1
CHEMBL3933562,8.0,CC1(Cc2nnc(C(=O)c3nc4ccc(-c5ccccc5)cc4s3)o2)NC(=O)N(CC(F)(F)F)C1=O
CHEMBL3911110,8.0,CC1(Cc2nnc(C(=O)c3nc4ccc(-c5ccccc5)cc4s3)o2)NC(=O)NC1=O
CHEMBL3947856,8.0,CC1(Cc2nnc(C(=O)c3nc4ccc(-c5ccc(F)cc5)cc4s3)o2)NC(=O)NC1=O
CHEMBL3971076,8.0,CC(C)N1C(=O)NC(C)(Cc2nnc(C(=O)c3nc4ccc(-c5ccccc5)cc4s3)o2)C1=O
CHEMBL3903208,7.795880017344075,O=C(c1nnc(CC2NC(=O)N(c3ccccc3)C2=O)o1)c1nc2ccc(-c3ccccc3)cc2s1
CHEMBL3948374,7.698970004336019,CC(C)(C)CN1CC(c2nnc(Cc3nc4ccc(-c5ccccc5)cc4s3)o2)C1
CHEMBL3924178,7.7447274948966935,CC(C)(C)CN1CC(c2nnc(C(=O)c3nc4c(F)cc(-c5ccccc5)cc4s3)o2)C1
CHEMBL3897447,8.318758762624412,CC(C)(C)CN1CC(c2nnc(C(=O)c3nc4ccc(-c5ccc(F)cc5)cc4s3)o2)C1
CHEMBL3891389,7.853871964321762,CC(C)(C)CN1CCC(c2nnc(C(=O)c3nc4ccc(-c5ccccc5)cc4s3)o2)CC1
CHEMBL3961752,7.119186407719209,COc1nc(-c2nnc(C(=O)c3nc4ccc(-c5ccccc5)cc4s3)o2)c(OCc2ccccc2)c(=O)[nH]1
CHEMBL3900830,7.721246399047171,COc1nc(-c2nnc(C(=O)c3nc4ccc(-c5ccccc5)cc4s3)o2)c(O)c(=O)[nH]1
CHEMBL3895730,6.913640169325252,COc1nc(-c2nnc(C(=O)c3nc4ccc(-c5ccc(F)cc5)cc4s3)o2)c(OCc2ccccc2)c(=O)[nH]1
CHEMBL3910703,7.6020599913279625,NC(=O)NCc1nnc(C(=O)c2nc3ccc(-c4ccccc4)cc3s2)o1
CHEMBL3946033,8.0,O=C(Cc1nnc(C(=O)c2nc3ccc(-c4ccccc4)cc3s2)o1)NC1CC1
CHEMBL3891446,8.0,NC(=O)c1ccc(-c2ccc3nc(C(=O)c4nnc(NC5CCNC5=O)o4)sc3c2)cc1
CHEMBL3934474,6.958607314841775,COCCNc1nnc(C(=O)c2nc3ccc(-c4ccccc4)cc3s2)o1
CHEMBL3929925,8.0,O=C(c1nnc(N[C@H]2CCNC2=O)o1)c1nc2ccc(-c3ccccc3)cc2s1
CHEMBL3965214,8.0,O=C(c1nnc(N[C@H]2CCNC2=O)o1)c1nc2ccc(-c3ccc(F)cc3)cc2s1
CHEMBL3964848,8.0,O=C(c1nnc(N[C@H]2CCNC2=O)o1)c1nc2c(F)cc(-c3ccccc3)cc2s1
CHEMBL4110647,7.337242168318426,O=C(c1nnc(N[C@@H]2CCNC2=O)o1)c1nc2ccc(-c3ccccc3)cc2s1
CHEMBL3918434,7.657577319177793,O=C(c1nnc(N[C@H]2CCOC2=O)o1)c1nc2ccc(-c3ccccc3)cc2s1
CHEMBL3890383,6.982966660701219,NC(=O)CNc1nnc(C(=O)c2nc3ccc(-c4ccccc4)cc3s2)o1
CHEMBL3947398,7.309803919971486,O=C(c1nnc(NCCc2ccccc2)o1)c1nc2ccc(-c3ccc(F)cc3)cc2s1
CHEMBL3925617,7.251811972993799,O=C(c1nnc(NCCc2ccc(F)cc2)o1)c1nc2ccc(-c3ccc(F)cc3)cc2s1
CHEMBL3897986,6.853871964321762,COC(=O)[C@H](COC(C)(C)C)Nc1nnc(C(=O)c2nc3ccc(-c4ccc(F)cc4)cc3s2)o1
CHEMBL3897982,6.619788758288394,COc1ccc(CCNc2nnc(C(=O)c3nc4ccc(-c5ccc(F)cc5)cc4s3)o2)cc1
CHEMBL3956627,6.5376020021010435,O=C(c1nnc(NCCc2ccccc2F)o1)c1nc2ccc(-c3ccc(F)cc3)cc2s1
CHEMBL3903461,8.18045606445813,O=C(c1nnc(NCCc2ccc(Cl)cc2)o1)c1nc2ccc(-c3ccc(F)cc3)cc2s1
CHEMBL3985706,6.376750709602099,C[C@H](Nc1nnc(C(=O)c2nc3ccc(-c4ccc(F)cc4)cc3s2)o1)c1ccc(Cl)cc1
CHEMBL3912491,6.5376020021010435,O=C(c1nnc(NC2CC2)o1)c1nc2ccc(-c3ccc(F)cc3)cc2s1
CHEMBL3950586,6.886056647693163,CC(C)(C)OC(=O)CNc1nnc(C(=O)c2nc3ccc(-c4ccccc4)cc3s2)o1
CHEMBL4111172,7.568636235841013,O=C(c1nnc(N[C@H](CCO)C(=O)O)o1)c1nc2ccc(-c3ccccc3)cc2s1
CHEMBL3939878,6.508638306165727,COc1ccc(CNc2nnc(C(=O)c3nc4ccc(-c5ccccc5)cc4s3)o2)c(OC)c1
CHEMBL3911578,6.721246399047171,CN1CCC(Nc2nnc(C(=O)c3nc4ccc(-c5ccccc5)cc4s3)o2)C1=O
CHEMBL3913139,7.055517327849832,NS(=O)(=O)CCNc1nnc(C(=O)c2nc3ccc(-c4ccccc4)cc3s2)o1
CHEMBL3950560,6.7447274948966935,O=C(c1nnc(NCCc2ccncc2)o1)c1nc2ccc(-c3ccccc3)cc2s1
CHEMBL3933189,6.823908740944319,CC(C)NC(=O)CNc1nnc(C(=O)c2nc3ccc(-c4ccccc4)cc3s2)o1
CHEMBL4111081,7.552841968657781,NC(=O)[C@@H](CCC(F)(F)F)Nc1nnc(C(=O)c2nc3ccc(-c4ccccc4)cc3s2)o1
CHEMBL3927746,7.443697499232712,O=C(c1nnc(NCCc2cccnc2)o1)c1nc2ccc(-c3ccccc3)cc2s1
CHEMBL3943218,6.853871964321762,O=C(c1nnc(NC2CCCNC2=O)o1)c1nc2ccc(-c3ccccc3)cc2s1
CHEMBL4114488,6.508638306165727,O=C(c1nnc(N2CC[C@@H](c3ccccc3)C2)o1)c1nc2ccc(-c3ccccc3)cc2s1
CHEMBL3965509,6.346787486224656,O=C(c1nnc(N2CC[C@H](c3ccccc3)C2)o1)c1nc2ccc(-c3ccccc3)cc2s1
CHEMBL3978971,6.309803919971486,O=C(c1nnc(N2CC[C@H](OCc3ccccc3)C2)o1)c1nc2ccc(-c3ccccc3)cc2s1
CHEMBL3950731,8.0,O=C(c1nnc(N[C@H]2CCNC2=O)o1)c1nc2ccc(-c3ccc(OC(F)F)cc3)cc2s1
CHEMBL3926767,8.0,NS(=O)(=O)c1ccc(-c2ccc3nc(C(=O)c4nnc(N[C@H]5CCNC5=O)o4)sc3c2)cc1
CHEMBL3969094,8.0,O=C(c1nnc(N(CC(F)(F)F)C2CCNC2=O)o1)c1nc2ccc(-c3ccccc3)cc2s1
CHEMBL3914254,7.455931955649724,O=C(c1nnc(N(Cc2n[nH]c(=O)o2)[C@H]2CCNC2=O)o1)c1nc2ccc(-c3ccccc3)cc2s1
CHEMBL3914509,6.995678626217358,CN(c1nnc(C(=O)c2nc3ccc(-c4ccccc4)cc3s2)o1)[C@H]1CCNC1=O
CHEMBL3942588,7.958607314841775,O=C(c1nnc(N(Br)[C@H]2CCNC2=O)o1)c1nc2ccc(-c3ccccc3)cc2s1
CHEMBL3931564,6.306273051076353,O=C(c1nnc(N2CCN(c3ccc(C(F)(F)F)cc3)CC2)o1)c1nc2ccc(-c3ccccc3)cc2s1
CHEMBL3943750,7.5376020021010435,Nc1nnc(C(=O)c2nc3ccc(-c4ccccc4)cc3s2)o1
CHEMBL3903363,6.468521082957745,Cc1ccc(S(=O)(=O)Nc2nnc(C(=O)c3nc4ccc(-c5ccccc5)cc4s3)o2)cc1
CHEMBL3974633,6.309803919971486,O=C(c1nnc(NC2CCN(CC(F)(F)F)C2=O)o1)c1nc2ccc(-c3ccccc3)cc2s1
CHEMBL3947555,6.732828271596986,FC(F)(F)c1c(CCCc2ccccc2)n2c3c(cccc13)CC2
CHEMBL3909886,6.939302159646388,FC(F)(F)c1c(Cc2ccccc2)n2c3c(cccc13)CCC2
CHEMBL3942244,6.844663962534939,FC(F)(F)c1c(CCCc2ccccc2)n2c3c(cccc13)CCC2
CHEMBL3971850,7.1487416512809245,Oc1cc2c3c(c1)c(C(F)(F)F)c(CCc1ccccc1)n3CCC2
CHEMBL3944727,7.769551078621726,FC(F)(F)c1c(CCc2ccccc2)n2c3c(cccc13)CCC2
CHEMBL3924236,8.397940008672037,Nc1cc2c3c(c1)c(C(F)(F)F)c(CCCOc1ccccc1)n3CCC2
CHEMBL3986063,7.366531544420414,FC(F)(F)c1c(CCc2ccccc2)n2c3c(cccc13)CCCC2
CHEMBL3939446,7.267606240177032,FC(F)(F)c1c(Cc2ccccc2)n2c3c(cccc13)CCCC2
CHEMBL3917448,6.443697499232712,FC(F)(F)c1c(CCCc2ccccc2)n2c3c(cccc13)CCCC2
CHEMBL3936371,6.8696662315049934,CC(C)NC(=O)N1CCn2c(CCc3ccccc3)c(C(F)(F)F)c3cccc(c32)C1
CHEMBL3966186,6.823908740944319,CC(C)(C)OC(=O)N1CCn2c(CCc3ccccc3)c(C(F)(F)F)c3cccc(c32)C1
CHEMBL3970136,6.774690718274137,O=C(Nc1ccccc1)N1CCn2c(CCc3ccccc3)c(C(F)(F)F)c3cccc(c32)C1
CHEMBL3962750,6.158640529545145,FC(F)(F)c1c(CCc2ccccc2)n2c3c(cccc13)CNCC2
CHEMBL3937026,6.018181392829336,CN(C)CC(=O)N1CCn2c(CCc3ccccc3)c(C(F)(F)F)c3cccc(c32)C1
CHEMBL3959042,5.316592700867905,N=C(N)N1CCn2c(CCc3ccccc3)c(C(F)(F)F)c3cccc(c32)C1
CHEMBL3931553,5.695294101787234,NCC(=O)N1CCn2c(CCc3ccccc3)c(C(F)(F)F)c3cccc(c32)C1
CHEMBL3925422,7.167491087293763,NS(=O)(=O)N1CCn2c(CCc3ccccc3)c(C(F)(F)F)c3cccc(c32)C1
CHEMBL3954493,6.354577730650908,CC(=O)OCC(=O)N1CCn2c(CCc3ccccc3)c(C(F)(F)F)c3cccc(c32)C1
CHEMBL3930374,6.5934598195660445,O=C(CC(F)(F)F)N1CCn2c(CCc3ccccc3)c(C(F)(F)F)c3cccc(c32)C1
CHEMBL3975269,6.995678626217358,CC(CC(=O)N1CCn2c(CCc3ccccc3)c(C(F)(F)F)c3cccc(c32)C1)C(F)(F)F
CHEMBL3945916,6.552841968657781,OCCN1CCn2c(CCc3ccccc3)c(C(F)(F)F)c3cccc(c32)C1
CHEMBL3977383,6.730487055782084,CS(=O)(=O)N1CCn2c(CCc3ccccc3)c(C(F)(F)F)c3cccc(c32)C1
CHEMBL3911898,6.384049948343599,FC(F)(F)c1c(CCCc2ccccc2)n2c3c(cccc13)OCC2
CHEMBL3958164,7.086186147616283,FC(F)(F)c1c(CCCOc2ccccc2)n2c3c(cccc13)OCC2
CHEMBL3894419,6.277530614115969,CN1CC(C(=O)NCCc2ccc(Cl)c(Cl)c2)=C(O)C1=O
CHEMBL3908882,6.252510507741327,CN1CC(C(=O)NCCc2ccc(Cl)cc2)=C(O)C1=O
CHEMBL3921341,5.530619864150075,CN1CC(C(=O)NCCc2ccccc2)=C(O)C1=O
CHEMBL3964947,6.3663295939485565,CN1C(=O)C(O)=C(C(=O)NCCCc2ccc(Cl)c(Cl)c2)C1C(C)(C)C
CHEMBL3939496,6.233884716778586,Cc1ccc(CC2C(C(=O)NCCCc3ccc(Cl)c(Cl)c3)=C(O)C(=O)N2C)cc1
CHEMBL3962684,8.292855811657555,O=C(NCCCc1ccc(Cl)c(Cl)c1)C1=C(O)C(=O)N(C2CCC2)C1
CHEMBL3890131,8.438064236686218,O=C(NCCCc1ccc(Cl)c(Cl)c1)C1=C(O)C(=O)N(Cc2ccccc2)C1
CHEMBL3900325,8.53283603403091,CC(C)CN1CC(C(=O)NCCCc2ccc(Cl)c(Cl)c2)=C(O)C1=O
CHEMBL3948143,8.492683959923585,O=C(NCCCc1ccc(Cl)c(Cl)c1)C1=C(O)C(=O)N(CCc2ccccc2)C1
CHEMBL3945247,8.567030709125595,CC(C)CCN1CC(C(=O)NCCCc2ccc(Cl)c(Cl)c2)=C(O)C1=O
CHEMBL3960312,8.487449007095789,CCCCN1CC(C(=O)NCCCc2ccc(Cl)c(Cl)c2)=C(O)C1=O
CHEMBL3957867,8.480959961351655,O=C(NCCCc1ccc(Cl)c(Cl)c1)C1=C(O)C(=O)N(Cc2cccc(Cl)c2)C1
CHEMBL3955903,8.22257317761069,O=C(NCCCc1ccc(Cl)c(Cl)c1)C1=C(O)C(=O)N(Cc2cccc(F)c2)C1
CHEMBL3945671,8.257903597696755,O=C(NCCCc1ccc(Cl)c(Cl)c1)C1=C(O)C(=O)N(Cc2ccc(F)cc2)C1
CHEMBL3912458,8.280751601552053,O=C(NCCCc1ccc(Cl)c(Cl)c1)C1=C(O)C(=O)N(CCc2ccccc2Cl)C1
CHEMBL3972915,8.236347429435469,CC(C)(C)CCN1CC(C(=O)NCCCc2ccc(Cl)c(Cl)c2)=C(O)C1=O
CHEMBL3905975,8.200659450546418,CCOCCN1CC(C(=O)NCCCc2ccc(Cl)c(Cl)c2)=C(O)C1=O
CHEMBL3961323,8.248951965179812,O=C(NCCCc1ccc(Cl)c(Cl)c1)C1=C(O)C(=O)N(Cc2cc(Cl)cc(Cl)c2)C1
CHEMBL3906585,8.251269443901505,O=C(NCCCc1ccc(Cl)c(Cl)c1)C1=C(O)C(=O)N(CCc2ccc(F)cc2)C1
CHEMBL3945066,8.796423225022027,CC(C)OCCN1CC(C(=O)NCCCc2ccc(Cl)c(Cl)c2)=C(O)C1=O
CHEMBL3964969,5.190777078310578,CN1CC(C(=O)NCCCc2ccccc2)=C(O)C1=O
CHEMBL3908037,6.311847244408433,O=C(NCCCc1ccc(Cl)c(Cl)c1)C1=C(O)C(=O)N(Cc2ccccc2C(=O)O)C1
CHEMBL3972218,6.313631896526964,CC1C(C(=O)NCCCc2ccc(Cl)c(Cl)c2)=C(O)C(=O)N1CCc1ccc(F)cc1
CHEMBL3893912,6.281083313985139,CN1C(=O)C(O)=C(C(=O)NCCCc2ccc(Cl)c(Cl)c2)C1CCc1ccccc1
CHEMBL3951959,6.415555692834824,CN1CC(C(=O)NCCCc2c(Cl)cccc2Cl)=C(O)C1=O
CHEMBL3906595,5.342084063170045,CC(CCc1ccc(Cl)c(Cl)c1)NC(=O)C1=C(O)C(=O)N(C)C1
CHEMBL3965538,5.015787833238566,CC(C)C(CCc1ccc(Cl)c(Cl)c1)NC(=O)C1=C(O)C(=O)N(C)C1
CHEMBL3920365,5.513853003193427,CN1CC(C(=O)NC(CCc2ccc(Cl)c(Cl)c2)c2ccccc2)=C(O)C1=O
CHEMBL3924308,5.4607984007058725,CCN1CC(C(=O)NCCCc2cccc(OC)n2)=C(O)C1=O
CHEMBL3928786,6.360513510731414,CN1CC(C(=O)NCCCc2ccccc2C(F)(F)F)=C(O)C1=O
CHEMBL3963848,7.366026844210326,CN1CC(C(=O)NCc2ccc(Oc3ccccc3)cc2)=C(O)C1=O
CHEMBL3937562,7.305833704066802,CN1CC(C(=O)NCc2ccc(Oc3ccc(F)cc3)cc2)=C(O)C1=O
CHEMBL3916491,7.567832730557412,CN1CC(C(=O)NCc2ccc(Oc3ccc(Cl)c(Cl)c3)cc2)=C(O)C1=O
CHEMBL3890157,7.568636235841013,CN1CC(C(=O)NCc2ccccc2-c2ccccc2)=C(O)C1=O
CHEMBL3901201,7.813043664534588,CC(C)CN1CC(C(=O)NCCCCc2nc(-c3ccc(Cl)c(Cl)c3)no2)=C(O)C1=O
CHEMBL3929153,6.567993312730402,CN1CC(C(=O)NCc2ccc(OC3CCOCC3)cc2)=C(O)C1=O
CHEMBL3905173,5.031750605892083,CN1CC(C(=O)NCc2ccc(C(=O)N3CCCCC3)cc2)=C(O)C1=O
CHEMBL3972790,7.656000930942839,CN1CC(C(=O)NCCCOc2cccc(Oc3ccccc3)c2)=C(O)C1=O
CHEMBL3896224,7.493224463393356,Cc1ccc(Oc2ccc(CNC(=O)C3=C(O)C(=O)N(C)C3)cc2)c(C)c1
CHEMBL3956427,7.567351339986893,CC(=O)Nc1ccc(-c2cccc([C@@H](C)NC(=O)C3=C(O)C(=O)N(c4ccc(F)cc4F)C3)c2)cc1
CHEMBL3967454,6.608535588160897,CN1CC(C(=O)NCc2cccc(-c3ccccc3Cl)c2)=C(O)C1=O
CHEMBL3919680,6.602929450040591,CN1CC(C(=O)NCc2cccc(-c3ccccc3F)c2)=C(O)C1=O
CHEMBL3895192,6.54515513999149,CC(=O)c1cccc(-c2cccc(CNC(=O)C3=C(O)C(=O)N(C)C3)c2)c1
CHEMBL3910733,6.59074334796109,CN1CC(C(=O)NCc2cccc(-c3ccc(CNS(C)(=O)=O)cc3)c2)=C(O)C1=O
CHEMBL3980809,6.617442678091214,CC(=O)NCc1ccc(-c2cccc(CNC(=O)C3=C(O)C(=O)N(C)C3)c2)cc1
CHEMBL4113902,6.567190994966832,C[C@@H](NC(=O)C1=C(O)C(=O)N(C)C1)c1cccc(-c2cccc(C(F)(F)F)c2)c1
CHEMBL4107624,6.609418121449565,C[C@@H](NC(=O)C1=C(O)C(=O)N(C)C1)c1cccc(-c2cccc(F)c2)c1
CHEMBL4108138,6.557050130422138,C[C@@H](NC(=O)C1=C(O)C(=O)N(C)C1)c1cccc(-c2cccc(C#N)c2)c1
CHEMBL4114049,7.3041682271733075,C[C@@H](NC(=O)C1=C(O)C(=O)N(C)C1)c1cccc(-c2cccc(C(N)=O)c2)c1
CHEMBL4111510,6.596022036330645,CC(=O)NCc1ccc(-c2cccc([C@@H](C)NC(=O)C3=C(O)C(=O)N(C)C3)c2)cc1
CHEMBL4109429,7.30111686324741,CCN1CC(C(=O)N[C@@H]2CCC(c3ccccc3)c3ccccc32)=C(O)C1=O
CHEMBL3961569,5.314975214894286,CN1CC(C(=O)NCC2CCN(C(=O)c3ccc(Cl)c(Cl)c3)CC2)=C(O)C1=O
CHEMBL3986807,6.598427154323554,O=C(N[C@H]1CC[C@@H](c2ccccc2)CC1)C1=C(O)C(=O)N(CCCC(F)(F)F)C1
CHEMBL3957323,5.144541419613964,O=C(N[C@H]1CC[C@@H](c2ccccc2)CC1)C1=C(O)C(=O)N(CCC(F)(F)C(F)(F)F)C1
CHEMBL3906073,5.325690111058523,O=C(N[C@H]1CC[C@@H](c2ccccc2)CC1)C1=C(O)C(=O)N(CCS(=O)(=O)c2ccccc2)C1
CHEMBL3910172,5.072219150652626,CN1CC(C(=O)NC2CC[C@H](c3ccccc3)C2)=C(O)C1=O
CHEMBL3930534,5.003532109738282,CN(CCN1CC(C(=O)N[C@H]2CC[C@@H](c3ccccc3)CC2)=C(O)C1=O)C(=O)/C=C/C(F)(F)F
CHEMBL3904020,5.509479690636652,O=C(N[C@H]1CC[C@@H](c2ccccc2)CC1)C1=C(O)C(=O)N(C2CCN(c3ccc(F)cc3)CC2)C1
CHEMBL3972036,5.241618058225325,CNCCCN1CC(C(=O)N[C@H]2CC[C@@H](c3ccccc3)CC2)=C(O)C1=O
CHEMBL3892890,5.083335535458603,CN1CC(N2CC(C(=O)N[C@H]3CC[C@@H](c4ccccc4)CC3)=C(O)C2=O)CC1=O
CHEMBL3953987,5.182434630440219,CN(CCN1CC(C(=O)N[C@H]2CC[C@@H](c3ccccc3)CC2)=C(O)C1=O)c1ccccc1
CHEMBL3963635,5.082179518006303,O=C(N[C@H]1CC[C@@H](c2ccccc2)CC1)C1=C(O)C(=O)C2CCCCN12
CHEMBL3970957,6.336864685042245,CCN1CC(C(=O)NCC2CCc3cnc(-c4ccc(Cl)c(Cl)c4)n3C2)=C(O)C1=O
CHEMBL4114408,7.361111575294925,CCN1CC(C(=O)N[C@@H]2CCc3cc(-c4ccccc4)ccc32)=C(O)C1=O
CHEMBL4203934,6.661543506395395,CCN1CC(C(=O)NC(C)CCc2ccc(Cl)c(Cl)c2)=C(O)C1=O
CHEMBL4212990,5.2225731776106885,CCN1CC(C(=O)NCCCc2ccc(Cl)c(Cl)c2)=C(NCCc2ccncc2)C1=O
CHEMBL4206624,5.375717904164332,CCN1CC(C(=O)NCCCc2ccc(Cl)c(Cl)c2)=C(NCCCN2CCCCC2)C1=O
CHEMBL4218352,6.024568191490737,CCN1CC(C(=O)NCCCc2ccc(Cl)c(Cl)c2)=C(NCCOC(C)C)C1=O
CHEMBL4210998,5.519993057042849,CCN1CC(C(=O)NCCCc2ccc(Cl)c(Cl)c2)=C(NC)C1=O
CHEMBL4206109,5.2403321553103694,CN1C(=O)C(O)=C(C(=O)NCCCc2ccc(Cl)c(Cl)c2)C1c1ccccc1Cl
CHEMBL4214459,5.752026733638194,CN1C(=O)C(O)=C(C(=O)NCCCc2ccc(Cl)c(Cl)c2)C1CC(C)(C)C
CHEMBL4209554,5.276544327964814,CN1C(=O)C(O)=C(C(=O)NCCCc2ccc(Cl)c(Cl)c2)C1C1CC1
CHEMBL4218880,5.978810700930062,CS(=O)(=O)NC(=O)CCN1CC(C(=O)NCCCc2ccc(Cl)c(Cl)c2)=C(O)C1=O
CHEMBL4215063,5.61261017366127,O=C(NCCCc1ccc(Cl)c(Cl)c1)C1=C(O)C(=O)N(CCCN2CCCC2=O)C1
CHEMBL4203395,6.083019952679618,O=C(NCCCc1ccc(Cl)c(Cl)c1)C1=C(O)C(=O)N(CCOc2ccccc2)C1
CHEMBL4207746,5.453457336521869,CCN1CC(C(=O)NCCCc2ccc(Cl)c(Cl)c2)=C(O)C1=O
CHEMBL4207216,5.7544873321858505,CN1CC(C(=O)NCCCc2ccc(Cl)c(Cl)c2)=C(O)C1=O
CHEMBL4213958,6.721246399047171,O=C(NCCCc1ccc(Cl)c(Cl)c1)C1=C(O)C(=O)N(CCN2CCOCC2)C1
CHEMBL4212095,7.214670164989233,Cn1ccc(C(=O)NCCCc2ccc(Cl)c(Cl)c2)c(O)c1=O
CHEMBL4465833,9.301029995663981,NS(=O)(=O)NCc1nnc(C(=O)c2nc3cc(F)c(C(=O)NCC(F)(F)F)cc3s2)o1
CHEMBL4446812,7.698970004336019,CNS(=O)(=O)NCc1nnc(C(=O)c2nc3ccc(-c4ccccc4)cc3s2)o1
CHEMBL4563019,9.045757490560675,NS(=O)(=O)NCc1nnc(C(=O)c2nc3cc(F)c(-c4ccc(C(=O)N5CCOCC5)c(F)c4)cc3s2)o1
CHEMBL4575712,7.698970004336019,NS(=O)(=O)NCc1nnc(C(=O)c2nc3ccc(-c4ccc5c(c4)C(=O)NC5)cc3s2)o1
CHEMBL4460663,9.301029995663981,NS(=O)(=O)NCc1nnc(C(=O)c2nc3cc(F)c(-c4ccc5c(c4)CNC5=O)cc3s2)o1
CHEMBL4471611,9.0,NS(=O)(=O)NCc1nnc(C(=O)c2nc3cc(F)c(-c4ccc(F)nc4)cc3s2)o1
CHEMBL4475891,7.522878745280337,NS(=O)(=O)NCc1nnc(C(=O)c2nc3ccc(-c4ccc(F)nc4)cc3s2)o1
CHEMBL4463265,8.301029995663981,NS(=O)(=O)NCc1nnc(C(=O)c2nc3ccc(-c4ccccc4)cc3s2)o1
CHEMBL4581886,9.301029995663981,NS(=O)(=O)NCc1nnc(C(=O)c2nc3cc(-c4ccc5c(c4)CNC5=O)c(F)cc3s2)o1
CHEMBL4460376,9.301029995663981,NS(=O)(=O)NCc1nnc(C(=O)c2nc3cc(-c4ccc(C(=O)NCC(F)(F)F)cc4)c(F)cc3s2)o1
CHEMBL4592858,7.086186147616283,CCN1CC(C(=O)N[C@H]2CC[C@@H](c3ccccc3)CC2)=C(O)C1=O
CHEMBL4457722,7.040958607678906,Nc1c(C(=O)N[C@H]2CC[C@@H](c3ccccc3)CC2)[nH]c(=O)[nH]c1=O
CHEMBL4558644,7.6777807052660805,Nc1c(C(=O)N[C@H]2CC[C@@H](c3ccc(OCc4ccccc4)cc3)CC2)[nH]c(=O)[nH]c1=O
CHEMBL4439830,5.995678626217358,CO[C@]1(c2ccc(F)cc2)CC[C@@H](NC(=O)c2[nH]c(=O)[nH]c(=O)c2N)CC1
CHEMBL4476806,6.756961951313706,Nc1c(C(=O)N[C@@H]2CC[C@H](c3ccccc3)C2)[nH]c(=O)[nH]c1=O
CHEMBL4573343,6.661543506395395,Nc1c(C(=O)N[C@H]2CC[C@@H](c3ccccc3)C2)[nH]c(=O)[nH]c1=O
CHEMBL4586520,7.301029995663981,Nc1c(C(=O)N[C@@H]2CC[C@H](c3ccccc3)c3ccccc32)[nH]c(=O)[nH]c1=O
CHEMBL4583457,7.309803919971486,Nc1c(C(=O)N[C@@H]2CCCc3c(OCc4ccccc4)cccc32)[nH]c(=O)[nH]c1=O
CHEMBL4513722,7.769551078621726,Nc1c(C(=O)N[C@@H]2CCc3cc(OCc4ccccc4)ccc32)[nH]c(=O)[nH]c1=O
CHEMBL4440524,6.806875401645538,O=C(N[C@H]1CC[C@@H](c2ccccc2)CC1)c1[nH]c(=O)[nH]c(=O)c1NC1CCCC1
CHEMBL4584322,5.628932137728264,Nc1c(C(=O)N[C@H]2CC[C@@H](c3ccccc3)CC2)n(-c2ccccc2)c(=O)[nH]c1=O
CHEMBL4439500,7.585026652029182,O=C(N[C@H]1CC[C@@H](c2ccccc2)CC1)c1[nH]c(=O)[nH]c(=O)c1O
CHEMBL4555254,7.229147988357855,CC(C)Cn1c(=O)[nH]c(C(=O)N[C@H]2CC[C@@H](c3ccccc3)CC2)c(O)c1=O
CHEMBL4448686,6.931814138253839,O=C(N[C@H]1CC[C@@H](c2ccccc2)CC1)c1[nH]c(=O)n(Cc2ccccc2)c(=O)c1O
CHEMBL4589512,7.096910013008056,O=C(N[C@H]1CC[C@@H](c2ccccc2)CC1)c1[nH]c(=O)n(CCO)c(=O)c1O
CHEMBL4563513,7.026872146400302,CS(=O)(=O)C(c1nnc(CC2SC(=O)NC2=O)o1)c1nc2ccc(-c3ccc(C(=O)N4CCOCC4)cc3)cc2s1
CHEMBL4516251,5.508638306165727,CC1(Cc2nnc(C(c3nc4ccc(-c5ccc(C(=O)N6CCOCC6)cc5)cc4s3)S(C)(=O)=O)o2)NC(=O)NC1=O
CHEMBL4546575,7.275724130399211,CS(=O)(=O)C(c1nnc(CC2SC(=O)NC2=O)o1)c1nc2ccc(-c3ccccc3)cc2s1
CHEMBL4536805,6.42021640338319,CC1(Cc2nnc(C(c3nc4ccc(-c5ccccc5)cc4s3)S(C)(=O)=O)o2)NC(=O)NC1=O
CHEMBL4435864,5.376750709602099,NS(=O)(=O)NCc1nnc(C(c2nc3ccc(-c4ccc(C(=O)N5CCOCC5)c(Cl)c4)cc3s2)S(=O)(=O)Cc2ccccc2)o1
CHEMBL4577903,5.096910013008056,CN(C)C(=O)c1ccc(-c2ccc3nc(C(c4nnc(CNS(N)(=O)=O)o4)S(=O)(=O)Cc4ccccc4)sc3c2)cc1Cl
CHEMBL4473964,6.522878745280337,COC(=O)Nc1ccc(-c2ccc3nc(C(c4nnc(CNS(N)(=O)=O)o4)S(=O)(=O)Cc4ccccc4)sc3c2)cc1
CHEMBL4440746,6.920818753952375,NS(=O)(=O)NCc1nnc(C(c2nc3ccc(-c4ccc(Cl)c(Cl)c4)cc3s2)S(=O)(=O)Cc2ccccc2)o1
CHEMBL4567596,7.180456064458132,NS(=O)(=O)NCc1nnc(C(c2nc3ccc(-c4cccc(Cl)c4)cc3s2)S(=O)(=O)Cc2ccccc2)o1
CHEMBL4468090,7.113509274827518,NS(=O)(=O)NCc1nnc(C(c2nc3ccc(-c4ccccc4)cc3s2)S(=O)(=O)Cc2ccccc2)o1
CHEMBL4473238,6.431798275933005,COCCS(=O)(=O)C(c1nnc(CNS(N)(=O)=O)o1)c1nc2ccc(-c3ccccc3)cc2s1
CHEMBL4589925,7.0,NS(=O)(=O)NCc1nnc(C(c2nc3ccc(-c4ccccc4)cc3s2)S(=O)(=O)CCC(F)(F)F)o1
CHEMBL4458141,6.443697499232712,CC(C)S(=O)(=O)C(c1nnc(CNS(N)(=O)=O)o1)c1nc2ccc(-c3ccccc3)cc2s1
CHEMBL4471545,6.769551078621726,CS(=O)(=O)C(c1nnc(CNS(N)(=O)=O)o1)c1nc2ccc(-c3ccccc3)cc2s1
CHEMBL175247,8.221848749616356,CCCCCCCCCCC[C@@H](C[C@@H]1OC(=O)[C@H]1CCCCCC)OC(=O)[C@H](CC(C)C)NC=O
CHEMBL4461739,6.346787486224656,CS(=O)(=O)C(C(=O)NCCNS(N)(=O)=O)c1nc2ccc(-c3ccccc3)cc2s1
CHEMBL4438013,5.113509274827518,CS(=O)(=O)C(C(=O)NCCCS(N)(=O)=O)c1nc2ccc(-c3ccccc3)cc2s1
CHEMBL4520847,8.0,CS(=O)(=O)C(C(=O)NCCS(N)(=O)=O)c1nc2ccc(-c3ccccc3)cc2s1
CHEMBL4528020,6.823908740944319,CS(=O)(=O)C(C(=O)NCC(=O)NC1CC1)c1nc2ccc(-c3ccccc3)cc2s1
CHEMBL4458992,7.327902142064283,CS(=O)(=O)C(C(=O)NCC(=O)NC1CC1)c1nc2ccc(-c3ccc(F)nc3)cc2s1
CHEMBL4523021,7.5376020021010435,O=C(CNC(=O)C(c1nc2ccc(-c3ccc(F)nc3)cc2s1)S(=O)(=O)CCC(F)(F)F)NC1CC1
CHEMBL4437751,7.6020599913279625,O=C(CNC(=O)C(c1nc2ccc(-c3ccc(F)nc3)cc2s1)S(=O)(=O)Cc1ccccc1)NC1CC1
CHEMBL4514272,8.337242168318426,COCCS(=O)(=O)C(C(=O)NCC(=O)NC1CC1)c1nc2ccc(-c3ccc(F)nc3)cc2s1
CHEMBL4562731,5.886056647693163,N#CC(C(=O)NCC(=O)N1CCCC1)c1nc2ccc(-c3ccccc3)cc2s1
CHEMBL4544715,5.508638306165727,CN1CCN(C(=O)c2ccc(-c3ccc4nc(C(C#N)C(=O)NCC(=O)NC5CCC5)sc4c3)cc2)CC1
CHEMBL4446981,7.173925197299173,N#CC(C(=O)NCC(=O)NC1COC1)c1nc2ccc(-c3ccc(F)nc3)cc2s1
CHEMBL4438345,6.886056647693163,CN1CCN(C(=O)c2ccc(-c3ccc4nc(C(C#N)C(=O)NCC(=O)NC5CC5)sc4c3)cc2)CC1
CHEMBL4557424,6.3979400086720375,CN(C)C(=O)c1cccc(-c2ccc3nc(C(C#N)C(=O)NCC(=O)NC4CC4)sc3c2)c1
CHEMBL4459874,6.769551078621726,N#CC(C(=O)NCC(=O)NC1CC1)c1nc2ccc(-c3ccc(F)nc3)cc2s1
CHEMBL4545633,7.2076083105017466,N#CC(C(=O)NCC(=O)NC1CC1)c1nc2ccc(-c3ccc(C(=O)N4CCOCC4)cc3)cc2s1
CHEMBL4460999,9.0,N#CC(C(=O)NCC(=O)NC1CC1)c1nc2ccc(-c3ccc(NC(=O)OCc4ccccc4)cc3)cc2s1
CHEMBL4587475,7.886056647693163,N#CC(C(=O)NCC(=O)NC1CC1)c1nc2ccc(-c3ccccc3)cc2s1
CHEMBL4458664,6.619788758288394,CN(C)C(=O)c1ccc(-c2ccc3nc(C(C#N)C(=O)NCC(=O)NC4CC4)sc3c2)cc1F
CHEMBL4553622,6.585026652029182,N#CC(C(=O)NCC(=O)NC1CC1)c1nc2ccc(-c3ccc4c(c3)C(=O)NC4)cc2s1
CHEMBL4581408,7.795880017344075,N#CC(C(=O)NCC(=O)NC1CC1)c1nc2ccc(-c3cccc(C(=O)N4CCCCC4)c3)cc2s1
CHEMBL4557646,7.823908740944319,N#CC(C(=O)NCC(=O)NC1CC1)c1nc2ccc(-c3ccc(C(=O)N4CCC4)cc3)cc2s1
CHEMBL4541404,8.275724130399212,N#CC(C(=O)NCC(=O)NC1CC1)c1nc2ccc(-c3ccc4c(c3)CNC4=O)cc2s1
